タイトル,あらすじ,ジャンル
アニメ世界への扉,アニメとは何なのか? 世界中にコアなファンを持つこの独特な世界を形作ってきた立役者たちを深く掘り下げ、さまざまなテイストのアニメ制作の舞台裏を大公開。,文化・社会ドキュメンタリー
麻雀放浪記2020,天才雀士の坊や哲は、1945年から新たな戦後を迎えた2020年の東京にタイムスリップする。地下アイドルのドテ子と一緒に元に戻る方法を模索するが...。,国内コメディ
花とアリス殺人事件,転校先のクラスメートから、ある生徒が殺されたというウワサを聞くアリス。興味がわいた彼女は、事件について何か知っているらしい引きこもりの隣人・花を訪ねる。,ミステリー
銀魂2 掟は破るためにこそある,金欠でバイトをすることになった銀時たちが、打ち首覚悟で将軍を接待しているうちに真選組の内部抗争に巻き込まれてしまう! 銀時は江戸の町を守れるのか。,国内アクション・アドベンチャー
BLEACH,突然、死神の力を与えられてしまった高校生の一護。思わぬ事態に困惑する一護だが、元の人間に戻るためには死神代行として修行に励むしかないと言われ…?,国内アクション・アドベンチャー
Hikaru Utada Laughter in the Dark Tour 2018,"デビュー20周年を記念して開催された宇多田ヒカルの""Laughter in the Dark Tour 2018""。12年ぶりとなる国内ツアーの最後を飾る、幕張メッセでの最終公演を完全収録。",音楽・ミュージカル
劇場版 七つの大罪 天空の囚われ人,幻の食材を探すうち天空宮へ飛ばされた団長と豚のホーク。凶悪な魔獣を3000年の封印から解こうとする魔神族から天翼人を守るため、七つの大罪が立ち上がる。,国内アクション・アドベンチャー
GODZILLA 星を喰う者,敗北感と虚無感が広がる人間たちのエクシフへの傾倒を止められないハルオ。そして滅びもいとわないカルトの手で、星を喰(く)うあの怪物が呼び覚まされる!,国内アクション・アドベンチャー
坂道のアポロン,優等生の律子、孤独を抱える転校生の薫、そして律子の幼なじみの不良少年、千太郎。音楽が結んだ固い友情はずっと続くはずだった。あの運命の日が訪れるまでは...。,ヒューマンドラマ
ニンジャバットマン,バットマンと悪党達は、時空震エンジンの暴走によって戦国時代へタイムスリップ。時空を超えた戦が始まる! 日本屈指のクリエイター達が贈る戦国バットマン物語。,国内アクション・アドベンチャー
GODZILLA 決戦機動増殖都市,"ゴジラから地球を取り戻す戦いに挑むハルオと仲間たち。人類の生き残りフツアの民の助けを得て、かつて対ゴジラ兵器""メカゴジラ""を開発していた研究所へ向かう。",国内アクション・アドベンチャー
ゼニガタ,さびれた港町で居酒屋を営む銭形兄弟の裏稼業は、違法な高金利で金を貸す闇金業者。ボクサー崩れのわけあり男を新たに雇い入れ、欲にまみれた者たちを追いつめる。,国内映画
詩季織々,懐かしいビーフンの思い出。モデルの苦悩と姉妹愛。ほろ苦い初恋。中国の3都市で、喜んだり悩んだりしながら生きる若者の過去と現在を美しい映像で紡ぐ。,ドラマアニメ
夜は短し歩けよ乙女,"大学の後輩である""黒髪の乙女""に思いを寄せる""先輩""は、彼女を追い求めるうちに珍事件に巻き込まれていく。 京都を舞台にした風変わりなラブストーリー。",高い評価を得た映画
去年の冬、きみと別れ,世間を騒がせた猟奇殺人事件の真相をつかむため、容疑者だったカメラマン木原坂に近づく記者・耶雲。だが、木原坂の魔の手が、耶雲の最愛の婚約者に忍び寄り…。,犯罪サスペンス
リバーズ・エッジ,高校生のハルナは、一匹オオカミの山田と親しくなったことで、後輩でモデルのこずえや山田に異常な愛情を募らせるカンナたちとの奇妙な関係に引き込まれていく。,ヒューマンドラマ
ニワトリ☆スター,様々な人間が交錯する大都会、東京のアパートで自堕落な共同生活を送る2人の男。大麻の密売を行う彼らにヤクザが目をつけ、不測の事態に巻き込んでいく。,本が原作のヒューマンドラマ
ママレード・ボーイ,光希の両親は離婚し、他の夫婦とパートナーを交換して再婚。しかも、みんなで一緒に暮らすことに。そんななか、光希は再婚相手の一人息子に次第にひかれていき...。,漫画が原作の国内映画
フリクリ オルタナ／プログレ,おかしなことが起こっているのに、いつもと代わり映えの無い街。思春期真っただ中の2人の少女は嵐のような奇妙な女に出会い、何気ない日常が終わりを告げる!,ドラマアニメ
闇金ドッグス９,闇金の社員・司が金を貸すターゲットは困っている女性たち。それにヤクザが目をつけたことがきっかけで、司はなかなか金を回収できず苦戦を強いられるはめに。,サスペンス
映画しまじろう まほうのしまの だいぼうけん,まほうのしまに毎年来るはずの春が来なくて、まほうつかいのアウラや村人たちが困っているよ。しまじろうたちはみんなと協力して、春を呼ぶことができるかな?,アニメ
人狼ゲーム インフェルノ,"高校生の紘美と同級生は、""人狼ゲーム""に強制参加させられてしまう。それは、参加者が村人と人狼になって互いにだまし合い、負けた者を殺す非情なゲームだった。",ホラー
闇金ドッグス８,ヤクザ稼業を引退し、闇金の世界へ足を踏み入れた安藤忠臣。生活保護と労災保険を受給しながら派手な生活を続ける下衆家族を相手に、回収計画を企てる。,国内映画
デジモンアドベンチャーtri. 第6章「ぼくらの未来」,現実世界がデジタルワールドにのみこまれようとしている! 絶望がせまる中、イグドラシルの支配を食い止めるため、選ばれし子どもたちは必死の戦いを続ける。,ビデオゲームが原作のアニメ
銀魂,宇宙から襲来した天人が台頭し、侍が衰退した江戸時代末期。つじ斬りが横行する中、万事屋を営む銀時と仲間が、行方不明になった旧友の捜索に乗り出すが...。,国内アクション・アドベンチャー
バイオハザード: ヴェンデッタ,復しゅうに燃える武器商人が、ゾンビウィルスを使ったバイオテロを画策。戦士達は力を合わせ、この世界の危機に立ち向かう。大人気ゲームのフルCGアニメ第3弾。,国内アクション・アドベンチャー
BLAME!,正常な機能を失い暴走する巨大階層都市で抹殺される人類。孤独な旅人・霧亥は、人類の生き残りを賭け、かろうじて生き延びていた村人たちと共に戦うことを誓う。,国内アクション・アドベンチャー
東京喰種 トーキョーグール,人を喰らう怪人、喰種(グール)に襲われた大学生のカネキは一命を取り留めるが、半喰種となってしまう。過酷な運命に向き合う彼に、喰種を狩る者達の影が迫る。,国内アクション・アドベンチャー
羊の木,寂れた港町に移住してきた6人の男女。一見普通の彼らは全員、過疎化対策として送られてきた元殺人犯だった。やがて、小さな町の日常が、少しずつ狂い始める...。,ミステリー
GODZILLA 怪獣惑星,地球を離れて2万年。八方ふさがりとなった人類は、ゴジラが支配する故郷への帰還を目指す。だが、ある若者が狙うのは、他でもない、敵討ちだった。,国内アクション・アドベンチャー
彼女がその名を知らない鳥たち,十和子は年上の男と暮らしながら、妻子ある別の男と不倫関係に。ある日、十和子は忘れられない元恋人が行方不明だと知り、暗い過去が彼女に影を落とし始める。,ミステリー
斉木楠雄のΨ難,生まれつき強力な超能力を持つ高校生、斉木楠雄の願いは、普通に生きること。だが、濃すぎるクラスメイト達のせいで災難に襲われ続け、能力を隠すのにも一苦労!,漫画が原作の国内映画
虐殺器官,核爆弾を使ったテロ以降、世界各地で頻発する内戦や大量虐殺。その背後には、ある言語学者の存在が。クラヴィス・シェパード大尉は、軍の指令で彼の行方を追う。,アニメ
牝猫たち,池袋の風俗店で働く、3人の女達。雅子は金のために、結依は退屈しのぎ、そして里枝は愛を求めて。それぞれの理由で体を売る女達に、その代償が重くのしかかる。,官能的なヒューマンドラマ
ナラタージュ,高校時代、泉が心から愛した演劇部の顧問教師・葉山。卒業後に再会を果たした2人は、これまでずっと胸に秘めていたお互いへの想いを再び募らせていく...。,本が原作のヒューマンドラマ
新宿スワン II,スカウト会社のエース格、白鳥龍彦は、会社の命令で横浜へと進出。そこは、ある男が絶対的に支配する難攻不落の王国だった。陰謀が渦を巻く、大抗争が勃発する!,国内アクション・アドベンチャー
劇場版FAIRY TAIL -DRAGON CRY-,魔導士ギルド、フェアリーテイルのナツ達は、世界を滅ぼす力を持つ魔法のつえ、ドラゴンクライの奪還任務へ。壮絶な戦いの中、ナツの秘めた本能が目を覚ます。,国内アクション・アドベンチャー
火花,神谷の芸人としての独特な世界観にひかれ、弟子入りした徳永。そんな2人が酒と熱い議論を交わし、夢を追い、厳しい現実にもまれながら全力で生きた10年物語。,本が原作のヒューマンドラマ
こどもつかい,郊外で起こった連続不審死事件を追う若い記者が、すべての事件は、虐待されていた子供たちが失踪した3日後に起こっていることに気づく。,ホラー
破門 ふたりのヤクビョーガミ,映画製作出資金を持ち逃げされたぐーたら男とイケイケやくざの2人組が、失踪した映画プロデューサーを追ってハチャメチャな追走劇を繰り広げる。,国内アクション・アドベンチャー
ハングマンズ・ノット,コミュ障大学生・柴田と、暴力衝動を発散し続ける最凶ヤンキー・影山兄弟。出会ってはいけない2組が京都で出会ってしまった時、情け容赦ない殺し合いが始まる。,サスペンス
南瓜とマヨネーズ,ミュージシャンになる夢を追う恋人との生活を支えるため、内緒でキャバクラで働くツチダ。それがばれて関係がギクシャクする中、ツチダは元カレと再会し...。,ラブロマンス
BRAVE STORM ブレイブストーム,宇宙人に侵略された地球。人類の希望は、侵略を阻止するために未来からタイムスリップしてきた兄妹弟と、現代のロボット工学者に託された。,国内アクション・アドベンチャー
アリーキャット,1匹の猫が縁で出会った元プロボクサーと自動車整備工が、ストーカー被害に悩む女を守るため大都会東京へ。だがそこで、女の危険な過去が明らかになり...。,犯罪サスペンス
キセキ -あの日のソビト-,厳格な父に背いて音楽の世界に進んだ兄と、父の想いを受け歯医者を目指す弟。夢半ばで挫折を味わった兄は、音楽に目覚めた弟の才能に新たな希望を見い出すが…。,実話に基づくヒューマンドラマ
劇場版総集編 白鳥沢学園高校戦『ハイキュー!! コンセプトの戦い』,春の高校バレー宮城県予選、決勝戦進出を果たした烏野高校排球部。宮城県の絶対王者と名高い白鳥沢学園高校を相手に、春高出場をかけた激戦に真っ向からいどむ。,ドラマアニメ
LUPIN THE IIIRD 血煙の石川五エ門,"鉄竜会組長の用心棒をしていた石川五ェ門が、かつてない危険な敵と対峙する。それは斧を武器に使う大男、""バミューダの亡霊""と呼ばれる殺戮の兵士だった!",国内アクション・アドベンチャー
ユリゴコロ,次々と不幸に見舞われた亮介は、実家で1冊のノートを見つける。そこに書かれていたのは、ある女による殺人の記録。亮介は、この手記に不思議と心引かれてゆく。,ミステリー
勝手にふるえてろ,"変わり者の24歳・ヨシカは、中学生の頃から同級生の""イチ""に片思いをしている。ある日、会社の同僚""ニ""から告白されるが、イチとの再会のチャンスが訪れ...。",ラブロマンス
ママは日本へ嫁に行っちゃダメと言うけれど。,SNSを通じて出会い、心を通わせる台湾の女子大生と日本人の青年。思いは海を越え、2人は距離を縮めてゆくのだが、2人の恋に思いもよらない障害が立ちはだかる。,ラブロマンス
光,恐ろしい罪を犯してしまった子どもたち。永遠にしるされた汚点は25年後、思わぬ形で広がりを見せ、彼らを容赦なく襲う。見ないふりをしてきた暴力が越流する。,犯罪サスペンス
劇場版 魔法科高校の劣等生 星を呼ぶ少女,春休みに小笠原諸島で羽を伸ばしていた深雪と達也たちが出会ったのは、謎に満ちた不思議な少女。達也にある願いを告げる彼女は、大きな陰謀の鍵とされていた。,国内アクション・アドベンチャー
あゝ、荒野　前篇,少年院から出たばかりの新次は昔の仲間から手荒い扱いを受ける。そんな新次を助けたのは吃音症の青年、建二。非情な世界でさまよう2人を描く、2部作の前編。,高い評価を得た映画
映画プリキュアドリームスターズ!,別の世界からきた少女サクラに助けを求められたプリキュア。からすてんぐに連れ去られたキツネのシズクを救うため、プリキュアたちはいざサクラの世界へ...!,アニメ
破裏拳ポリマー,警視庁と防衛省が極秘裏に開発した3体の特殊装甲スーツが盗まれ、悪の手に落ちた。最強拳法を極めし探偵は正義のために立ち上がり、悪と戦うヒーローとなる!,国内アクション・アドベンチャー
サクラダリセット 前篇,記憶を保持する能力を持つ高校生のケイと、世界を最大で3日分巻き戻す能力を持つ春埼。2人は能力を駆使し、2年前に死んだ同級生の相麻を再生しようとする。,ファンタジー
夜明け告げるルーのうた,寂れた漁港の町で鬱屈した日々を送る中学生のカイ。その運命を変えたのは、人魚の少女ルーとの出会いだった。2人のきずなが紡ぎだすフシギで切ないひと夏の物語。,ドラマアニメ
仮面ライダー×スーパー戦隊 超スーパーヒーロー大戦,ゲームの世界から現れた敵が世界の平和をおびやかす。仮想世界に飛びこんだスーパー戦隊と仮面ライダーたちを待ち受けていたのは、前代未聞の究極バトル!,キッズ・ファミリー映画
劇場版 仮面ライダーエグゼイド トゥルー・エンディング,現実世界を滅ぼして仮想現実で人々を支配しようと企む忍者軍団が突如として現れ、新型ウイルスをまき散らした。世界を救うために戦え! 仮面ライダーエグゼイド!,キッズ・ファミリー映画
劇場版総集編 青葉城西高校戦『ハイキュー!! 才能とセンス』,春高予選準決勝。合同合宿で進化した烏野高校排球部の対戦相手は、因ねんの青葉城西高校。烏野は出だしから激しくせめるが、流れは青城にかたむき始め...。,ドラマアニメ
FAKE ディレクターズ・カット版,耳の聞こえない天才作曲家としてもてはやされていた、佐村河内守。彼の全ては、本当に作り話だったのか? この複雑な事態の答えを探すため、新たな事実に迫る。,国内映画
トモダチゲーム 劇場版 FINAL,"友一と仲間達が引きずり込まれた過酷な""トモダチゲーム""も、いよいよ最終ゲームへ。友一達は、危険だらけの最後の試練、""友情かくれんぼ""を突破できるのか?",国内サスペンス
人狼ゲーム ラヴァ―ズ,"高校生に殺し合いをさせる""人狼ゲーム""。今回集められたのは過去に勝ち上がった経験者たち。参加者が新ルールに混迷する中、再び恐怖と戦慄のゲームが始まる。",ティーン向けホラー
ウェポン・フロントライン 航空自衛隊 マルチロールファイターF-2,航空自衛隊が誇るマルチロールファイター、F-2。陸海空すべての脅威に対応する能力と優れた操縦性を実現した戦闘機の性能に迫り、ド迫力の戦闘訓練に密着する。,国内映画
ReLIFE リライフ,"海崎新太は、人生に挫折した無職の27歳。1年間限定で高校生に戻り、人生をやり直す""リライフ""プログラムに参加するが、高校生活も楽ではなかった。",ヒューマンドラマ
闇金ドッグス5,闇金会社で働く元イケメンホストが、突然、銀行系ローン会社から返済を迫られる。実は偽装結婚を繰り返していた彼の最後の結婚相手が借金を踏み倒していた!,社会問題に迫るヒューマンドラマ
すんドめ NEW 1,妄想でしか恋ができないオタク高校生の相羽英男。もちろん童貞。なのに、理想の美少女・早華胡桃がクラスに転校してきて、速攻彼女に恋してしまう。,官能的なラブロマンス
リベンジgirl,性格以外は完璧な女、宝石美輝。政治家一家の御曹司にまさかの失恋をした彼女が決めた恋のリベンジ、それは総理大臣になることだった。,政治をテーマにしたヒューマンドラマ
一週間フレンズ。,祐樹が一目ぼれした女子高生は、1週間しか記憶が持たないという障害を抱えていた。それでも彼女のそばにいたい祐樹は、毎週友達になると決心する。,国内ヒューマンドラマ
ガールズ&パンツァー 第63回戦車道全国高校生大会 総集編,大洗女子学園の学生たちが他のチームとのバトルを戦い抜いた第63回戦車道全国高校生大会を、ハイライトシーンを集めたコンピレーションで振り返る。,国内アクション・アドベンチャー
君と100回目の恋,葵海は交通事故にあったことをきっかけに、大好きな幼なじみが時間を戻せることを知る。彼は何度も時間を戻し、ある悲しい運命を必死に変えようとしていた。,ファンタジー
花戦さ,見事な花を生けて人々の心を和ませ、ただ世の安寧を祈る花僧、池坊専好。おごれる天下人、豊臣秀吉に対し、専好は刃ではなく花を手にして一世一代の戦を挑む。,国内時代劇
あゝ、荒野　後篇,同じボクシングジムでトレーニングに励みながら、人とのつながりを求めるはみ出し者の新次と建二。やがて運命は2人を対戦させることになる。2部作の後編。,高い評価を得た映画
武曲 MUKOKU,かつて剣の道で一目置かれた男が、剣の才能を秘めた高校生男子に、まさかの一本を取られてしまう。激しく燃え始めた競争心が導く運命の先にあるのは破滅か救いか。,スポーツをテーマにしたヒューマンドラマ
報復 (かえし),高校の同級生を殺害した山井浩史は、10年間服役した後、ヤクザの下で働くことに。一方、山井が出所したことを聞きつけた被害者の父親は山井を見つけ出す。,犯罪サスペンス
すんドめ NEW 2,早華胡桃がいまや男子に大人気なのが気に入らないかつての人気者女子が、彼女に罠を仕掛けてくる。童貞オタク妄想男子の英男は、大好きな胡桃を守り切れるのか?,官能的なラブロマンス
きょうのキラ君,友だちのいない女子高生ニノが恋に落ちたのは、学校一のモテ男キラ。そんなキラが抱える悲しい秘密をきっかけに距離を縮めた2人は、順調に恋を育んでいくが…。,泣けるラブロマンス
映画 妖怪ウォッチ シャドウサイド 鬼王の復活,ケータたちの世界から30年後。数千年に一度地球をおそう最悪の妖怪(ようかい)ウィルスが出現。新たな妖怪ウォッチに選ばれし者が、妖怪退治に乗り出す。,ビデオゲームが原作のアニメ
最低。,孤独と退屈に嫌気が差した主婦、人気AV女優、高校生の娘を持つ奔放なシングルマザー。それぞれがAV出演という十字架を背負い、葛藤を抱えて懸命に生きてゆく。,官能的なヒューマンドラマ
傷だらけの悪魔,中学時代に舞のグループからイジメにあっていた詩乃。田舎の高校に転校してもそこそこの人生を送ろうと考えていた舞の前に、復しゅうを誓う詩乃が立ちはだかる。,国内青春・学園
獣道,世間から隔離されて宗教施設で生活してきた後、普通の生活に戻った愛衣は、居場所を探すのに必死。唯一の理解者である亮太もまた、居場所を探す不良少年だった。,ヒューマンドラマ
くも漫。,中川学、29歳、元ニート。就職した自分へのご褒美として風俗へ行ったものの、プレイ中にくも膜下出血を発症して緊急入院。こんなの、家族に言えるはずがない!,実話に基づくヒューマンドラマ
劇場版 動物戦隊ジュウオウジャーVSニンニンジャー 未来からのメッセージ from スーパー戦隊,地球からスーパー戦隊を消そうとたくらむ敵の術中にはまった手裏剣戦隊ニンニンジャー。動物戦隊ジュウオウジャーが悪の妖怪だと思いこみ、バトルをしかけてくる。,キッズ・ファミリー映画
宇宙戦隊キュウレンジャー THE MOVIE ゲース・インダベーの逆襲,きょ大なすい星兵器が地球にぶつかるまで、あと72時間。伝説のはかい神を復活させてすい星をこわすため、キュウレンジャーは宇宙をかけめぐる大ぼうけんへ!,特撮・ヒーロー
暗黒女子,"全校生徒の憧れの的、いつみが謎の死を遂げた。やがて暗いうわさが広がり始めた時、文学サークルの仲間は定例会を開催し、それぞれが""犯人""告発作品を発表する。",犯罪サスペンス
覆面系ノイズ,歌が大好きなニノは、転校先の高校で幼なじみの男の子に再会する。ある日、屋上で熱唱するニノを目にした彼は、自分のバンドのボーカルとしてニノを指名する。,ヒューマンドラマ
光,映画の音声ガイドを制作する美佐子は、弱視の天才カメラマン、中森に出会う。視力を失いゆく彼の言葉や心に触れたことで、美佐子の仕事に変化が生まれてゆく。,ラブロマンス
極道の門,敵対組織の5人の組員の闇討ちにあった若き極道・村田龍治は、たった1人で5人をたたき斬る。5人斬りの勲章を胸に、天性の度量を備えた男は頂上へと歩み始める。,国内アクション・アドベンチャー
蠱毒 ミートボールマシン,人間に寄生する謎の生物により地獄と化した東京。自らも残虐な戦闘マシンに変貌した取り立て屋は、愛する女性を守るため壮絶な殺し合いへと身を投じていく。,国内アクション・アドベンチャー
天使のいる図書館,大学卒業後、地元の図書館で司書として働き始めた吉井さくら。1人の老婦人との出会いを通して、地域の歴史や文化を再発見し、人間として大きく成長していく。,国内映画
イタズラなKiss THE MOVIE 3 ～プロポーズ編～,入江との結婚を夢見ていた琴子だったが、彼は別の女性との縁談を承諾。諦めるしかないと思い金之助とデートをしても、やっぱり思いを断ち切ることはできない!,ラブロマンス
しゃぼん玉,通り魔を繰り返してきた男が、逃亡途中に山深い村に迷い込み老婆スマに出会う。初めは金を盗んで逃げるつもりだったが、世話を焼かれるうち荒んだ心に変化が...。,本が原作のヒューマンドラマ
身体を売ったらサヨウナラ,鈴木リョウコ、29歳。学歴も職歴も申し分ない超エリートでありながら、過去にAVに出演したという過去を持つ女は、昼と夜の世界で矛盾しながらも幸せを願う。,官能的なヒューマンドラマ
僕らのごはんは明日で待ってる,無口でネガティブな亮太(りょうた)と、明るくポジティブな小春。ひょんなことから付き合うことになった2人が、7年という歳月をかけて本当の愛を確かめ合う。,ラブロマンス
トリガール！,流されるままに生きてきた大学生のゆきなは、一目ぼれの先輩に誘われて人力飛行サークルに入部。夏の大会で空を飛ぶことを目指し、ゆきなの青春の日々が始まる。,国内青春・学園
家族はつらいよ 2,運転が危なくなってきた頑固オヤジに免許を返上させるには?! 平穏な毎日に降ってわいた難題に頭を抱える家族たち。さらに、旧友との再会が思わぬ大騒動を呼び...?,国内コメディ
釘打ちのバラッド,"組長の女を連れて逃げようとしたやくざの下っぱ構成員。組織を裏切った男は、その世界で""釘打ち""と呼ばれ恐れられている殺し屋から狙われることに...。",犯罪サスペンス
イタズラなKiss THE MOVIE 2 ～キャンパス編～,直樹と同じ大学に通うことになって有頂天の琴子。とは言っても、学部が違う2人の大学生活は擦れ違い気味。しかも、恋のライバルが出現し、琴子は大ピンチに。,漫画が原作の国内映画
いつまた、君と 何日君再来,病に倒れた祖母に代わり、思い出の手記をまとめ始めた孫の理。そこには中国から無一文で引き揚げてきた祖父母の波乱の歴史と愛の物語がつづられていた。,実話に基づくヒューマンドラマ
デジモンアドベンチャーtri. 第4章「喪失」,リブートされたデジタルワールドに来た太一たち。そこには芽心を探し憔悴したメイクーモンの姿が。子どもたちはメイクーモンと芽心を会わせることを決意する。,ビデオゲームが原作のアニメ
劇場版 猫忍,幼い頃に父と生き別れ、愛を知らずに育った霧生忍者の陽炎太は、ある屋敷で父そっくりのデブ猫に遭遇。そしてこの出会いが、陽炎太の運命を大きく変えることに。,ヒューマンドラマ
KING OF PRISM -PRIDE the HERO-,エーデルローズでは、プリズムキングカップへの出場を目指して新入生がレッスンに励んでいた。だが、シュワルツローズの陰謀によりエーデルローズは解散の危機に。,ドラマアニメ
デジモンアドベンチャーtri. 第5章「共生」,デジタルワールドからそがいされ、現実世界でも人々に追われる選ばれし子供たち。強大すぎるメイクーモンが暴走し、世界ほうかいへのカウントダウンがはじまる。,ビデオゲームが原作のアニメ
結婚,様々な女たちの心の隙間に入り込み、その色気で翻弄していく結婚詐欺師・古海健児。だまされた女たちと、だました男。彼らが持つ孤独と欲望の行き着く先とは?,本が原作のヒューマンドラマ
一礼して、キス,弓道部の部長、岸本杏は引退を決意し、後輩の三神曜太を次期部長とすることに。それを知った三神は、秘めていた思いを杏に告白。杏の胸に、恋の矢は刺さるのか?,漫画が原作の国内映画
パーフェクト・レボリューション,障害者の性への理解を社会に訴える車椅子の活動家と、人格障害を抱える風俗嬢。そんな2人が障害や偏見を乗り越えて、幸せを手に入れようとするラブストーリー。,ラブロマンス
トマトのしずく,ヘアサロンを経営するさくらと真は、結婚パーティーにさくらの父を呼ぶかどうかで口論に。互いに素直になれない父と娘は、ある理由で長らく疎遠になっていた。,国内映画
仁光の受難,謎めいた雰囲気と妖しいほどの魅力で周囲を虜にしてしまう仁光。人を惑わす自らの不徳と、次々と浮かぶ不浄なイメージを拭い去るため、己を見つめ直す旅に出る。,国内映画
吉田類の｢今宵、ほろ酔い酒場で｣,変装してやって来た超人気アイドル、珍客に振り回されるサラリーマン、故郷の名酒を口にして子供時代を思い出す会社社長。3つの居酒屋が舞台の人情オムニバス。,国内映画
サクラダリセット 後篇,能力者が集う町、咲良田。2年前、1人の女子高生が命を落とした事件は謎に包まれたまま。咲良田の未来をかけ、真相を究明すべく、同級生たちが立ち上がる。,ミステリー
海辺の生と死,昭和19年12月、奄美群島カゲロウ島。太平洋戦争末期を背景に、国民学校の女教師と海軍特攻艇の隊長の出会いと、はかない恋の一瞬のきらめきを描く。,ラブロマンス
高校愚連隊,廣瀬翔太は無敵の最強番長。そんな彼に憧れ、彼を目指す他校の不良たちによるケンカが過熱していく。そして翔太は警察から、1年間街を離れるよう促される。,国内アクション・アドベンチャー
血を吸う粘土,芸大進学を目指す香織は、ある日作品制作のために粘土を準備する。だがその粘土に込められた怨念が、香織の作品を、血を吸い人を襲う恐ろしい怪物に変えていき…。,ティーン向けホラー
アヤメくんののんびり肉食日誌,恐竜を愛するアヤメと、骨に夢中な理系女子大生の椿。ひかれあう2人の恋は成就するかに思えたが、アヤメの幼なじみや研究室の先輩が恋敵となる四角関係に発展!,ラブロマンス
彼女の人生は間違いじゃない,震災による津波で母を亡くしたみゆき。週末になると、日常を離れて高速バスで東京に出て、デリヘルのアルバイト。福島と東京を行き来する中、車窓から見た光とは?,ヒューマンドラマ
エルネスト,医師を目指してキューバに留学中、革命家チェ・ゲバラと出会ったボリビアの日系2世。革命戦士として祖国のために戦った若き日系人の知られざる生涯が今語られる。,実話に基づくヒューマンドラマ
ゾウを撫でる,映画監督の神林は若手が手がけた脚本を使い、15年ぶりに新作を撮ることに。携わる人々の人生が幾重にも重なり合い、様々な人間模様を描きながら映画が作られる。,ヒューマンドラマ
チャットゾーン,アパレル店勤務の奏子は、夜はチャットレディをして夢を追う資金を貯めている。やがて、昼と夜の生活がもつれてきてしまい、奏子は進むべき道の選択を迫られる。,ラブロマンス
シン・ゴジラ,東京湾に現れた巨大生物が東京に上陸し、その猛威の前に打つ手を失う日本政府。全てが破壊し尽くされる前に巨大生物の弱点を見つけなければ、日本に未来はない。,日本アカデミー賞受賞映画
聲の形,小学校で、耳の聞こえない転校生の女の子をいじめてしまった少年。罪の意識にさいなまれながらも、やり直したいと思う少年は、高校生になった少女を訪ねる。,日本アカデミー賞受賞映画
GANTZ:O,あの世からなぜか蘇った死んだはずの人間たち。東京と大阪の街でハイテク武器を手に、力を合わせて謎の星人軍団と終わらない激しい戦闘をくり広げる。,国内SF・ファンタジー
TOO YOUNG TO DIE! 若くして死ぬ,バスの事故で死んでしまったフツーの高校生・大助がやってきたのは、なんとホンモノの地獄! どうにか現世に転生するため、地獄専属ロックバンドに入ることに。,コミカルなコメディ
この世界の片隅に,生まれ育った広島市を離れ呉の町に嫁いできたすずは、つつましくも明るく一家の生活を支えていた。だが戦争は非情にも彼女の大切なものを次々と奪ってゆく。,日本アカデミー賞受賞映画
闇金ウシジマくん Part 3,派遣の仕事をしながら食いつないでいた青年が、人生の一発逆転を狙い、マルチまがいのマーケティングビジネスに手を染める。そしてウシジマに金を借りることに。,ヒューマンドラマ
ONE PIECE FILM GOLD,"世界中の大富豪たちが集う、世界最大のエンターテインメントシティー""グラン・テゾーロ""。そこでルフィたちの前に、絶対的な支配者ギルド・テゾーロが現れる。",国内アクション・アドベンチャー
闇金ウシジマくん ザ・ファイナル,『闇金ウシジマくん』シリーズのラストを飾る本作品。ウシジマの現在と過去が交錯する中、日の当らない裏街道、金融の世界に入って行った彼のルーツが明らかに。,ヒューマンドラマ
日本で一番悪い奴ら,正義感に燃える刑事が点数を稼ぐべく、裏社会に飛び込んでゆく。次第に悪徳捜査はエスカレートし...。日本警察史上最大の不祥事とされる衝撃の実話に基づく作品。,アクションコメディ
続・深夜食堂,"葬式で思わぬ出会いをした女性、詐欺にかかったらしい母、恋に悩むそば屋の息子。路地裏にたたずむ""めしや""を舞台に、個性豊かな客たちが織り成す悲喜こもごも。",漫画が原作の国内映画
怒り,"夏の暑い日に八王子で夫婦殺人事件が発生。犯人は逃走、現場には""怒""の血文字が残されていた。1年後、千葉、東京、沖縄に素性の知れない3人の男が現れる。",日本アカデミー賞受賞映画
秘密 THE TOP SECRET,"新人捜査官・青木が配属されたのは、特別捜査機関""第九""。そこでは、死者の脳に残された記憶を映像化するMRI捜査を駆使し、迷宮入り事件の謎に挑んでいた。",国内SF・ファンタジー
ミュージアム,雨の日に発生する連続殺人事件。カエルのマスクを被り、猟奇殺人を繰り返す犯人を追う刑事は、事件の関連性を調べるうちに犯行の共通性に気付くが...。,国内犯罪捜査
殿、利息でござる!,重税に苦しむ小さな宿場町が、町を救うため、藩に大金を貸し付け利息を巻き上げるという前代未聞の秘策を考えつく。これぞ、貧乏町人による、お上相手の大勝負!,日本アカデミー賞受賞映画
テラフォーマーズ,人類の存亡をかけた火星地球化計画の開始から500年。計画の総仕上げのために火星に降り立った15人の隊員を、異常に進化した凶暴な人型生物たちが襲う!,国内SF・ファンタジー
溺れるナイフ,15歳の夏に、東京から田舎町に越してきた人気モデル。傲慢なほどに激しく自由な少年に惹かれてゆくが、夏祭りの夜に、すべてを変える事件が起きる。,ティーン向け恋愛・ラブストーリー
鬼談百景,小野不由美が手掛けたベストセラー「鬼談百景」。現代が舞台の99の怪談集から、新進気鋭の日本ホラー映画監督6人が、背筋も凍る10の物語を映像化する。,ホラー
オオカミ少女と黒王子,高校1年生の少女は友達に見栄を張り、彼氏がいるとウソをついてしまう。疑惑の目をごまかすため、学校一のイケメンに彼氏の振りをしてもらおうとするのだが…。,ティーン向け恋愛・ラブストーリー
ぼくは明日、昨日のきみとデートする,美大生は、電車の中で出会った女性に一目ぼれ。交際を始めた2人は愛を育んでゆくが、彼女には大きな秘密があった。やがて、2人の時間と運命は、すれ違い始める。,ティーン向け恋愛・ラブストーリー
探偵ミタライの事件簿 星籠の海,ある島に6人もの死体が流れてきたという事件に興味を持った天才脳科学者。別の場所で捨てられた死体が複雑な海流によって入江に流れ着いたことをつき止める。,ヒューマンドラマ
仮面ライダー平成ジェネレーションズ Dr.パックマン対エグゼイド&ゴーストwithレジェンドライダー,"人類におそいかかる、なぞのゲームウイルス生命体""パックマン""。仮面ライダーゴーストとエグゼイドはレジェンドライダー達と力を合わせ、悪の野望に立ち向かう!",キッズ・ファミリー映画
クリーピー 偽りの隣人,元刑事の犯罪心理学者・高倉は、6年前の一家失踪事件の分析を頼まれる。そんな折、新居に越した高倉と妻は、隣人家族の奇妙な言動に翻弄され、困惑を覚える。,マインドゲームスリラー
超高速! 参勤交代 リターンズ,"無理難題な""参勤""を何とか果たした、藩主・内藤政醇の弱小藩。だが故郷で一揆(いっき)が起こったというから、行きの倍の速さで帰り、""交代""を済ませねば!",歴史・時代劇
残穢 住んではいけない部屋,ミステリー作家のもとに読者から一通の手紙が届く。彼女の住む部屋から奇妙な音が聞こえるというのだ。その音はもっと深く、さらに暗い恐怖へつながる入口だった。,ホラー
CONFLICT 〜最大の抗争〜 第二章 終結編,天道会本部への襲撃の裏には、内通者がいるはず。裏切り者を見つけるため、若頭の鷲尾は、腹心の若頭補佐に調査を命じる。血で血を洗う壮絶な抗争、ついに決着!,国内アクション・アドベンチャー
劇場版 教科書にないッ!,優柔不断な高校教師・大楽有彦を主人公とするラブコメ。思春期真っただ中の女子高生、色っぽい同僚、恐ろしいヤクザの組長などが絡み、数々の騒動が巻き起こる。,ラブコメディ
アンチポルノ,奇抜な手法でカリスマ的な人気を誇る女流作家の京子。マネージャーを犬のように扱ってサディスティックに振る舞うのだが、これは彼女の現実なのか? それとも...。,ヒューマンドラマ
リップヴァンウィンクルの花嫁 【serial edition】,世間知らずのヒロインは、ネットのお見合いサイトで知り合った男性との結婚を決意。だが人並みの生活はあっさりと崩壊。様々な出会いと経験が彼女を待ち受ける。,ヒューマンドラマ
闇金ドッグス2,元ヤクザと元ホストが営む闇金の優良顧客が、資金繰りに失敗して失踪。2人は男が入れ揚げていたスナックのママを訪れるが、この女がとんでもない曲者だった。,ヒューマンドラマ
鷹の爪8 吉田くんのX (バッテン) ファイル,"未来からタイムトラベルでやってきた捜査官。小学生の吉田くんが""呪いのビデオ""捜索に巻き込まれ、不思議な出来事が次々に出現! はたして大冒険の結末は?",アクションコメディ
ホワイトリリー,自由奔放な有名陶芸家、登紀子の住み込みの弟子、はるか。登紀子に身も心もささげて献身的に尽くすのだが、新弟子の悟がやって来たことで全てが変わり始める。,官能的なラブロマンス
僕だけがいない街,売れない漫画家を突然襲う、時間の巻き戻り現象。10歳の頃に戻った彼は、当時起こった連続誘拐殺人事件の謎に挑む。事件を未然に防ぎ、大切な人を救えるのか?,国内SF・ファンタジー
ディストラクション・ベイビーズ,ある日を境に、暮らしていた小さな港町から兄・泰良が姿を消した。将太が兄を捜している頃、泰良は暴力と血にまみれた無差別な凶行を繰り返していた...。,国内アクション・アドベンチャー
YOKOHAMA BLACK,"相模睦連合会に属する影の暗殺集団""特別高等粛清班""。関西や東京の脅威から神奈川を守るため、次々と裏切り者や敵を排除し、悪を粛正していく。",国内任侠映画
葛城事件,長年の間、父親からことあるごとに責めたてられ、理不尽な思いを募らせてきた息子が、ある日突然、無差別殺傷事件を起こす。そして家族は一気に崩壊へと向かう。,ヒューマンドラマ
あやしい彼女,自分の望む人生を送れなかったおばあちゃんが、いきなり20才に若返り! かつての姿を取り戻した彼女が、思い通りの人生を歩むため、再び青春時代をエンジョイする。,国内SF・ファンタジー
SCOOP!,芸能人を追い回すパパラッチとして自堕落に生きるカメラマンは、写真週刊誌の新人記者とコンビを組む羽目に。2人は衝突しながらも、大スクープを連発してゆく。,ブルーリボン賞受賞映画
セトウツミ,放課後に河原でしゃべって過ごす、クールでインテリの内海とお調子者の瀬戸。好対照な2人が無駄話をしたり、ちょっと深い話をしたり。こんな青春も悪くない。,国内青春・学園
何者,就活の情報交換のために集まる、5人の大学生。それぞれが抱く希望や不安、そして葛藤を共にしたり、SNSでつぶやいたりするが、そこには複雑な人間模様があった。,ヒューマンドラマ
セーラー服と機関銃 -卒業-,弱小ヤクザ･目高組の元組長という過去を持つ星泉。今は組も解散し、普通の女子高生としての日常を楽しんでいる。そんな中、泉の周りで不穏な空気が漂い始める。,国内アクション・アドベンチャー
HK/変態仮面 アブノーマル・クライシス,大金との闘いの後、狂介は究極の選択を迫られる。愛子のパンティを永遠に手放すか、それとも愛子に嫌がられてもこのまま正義の変態仮面として世界を救うのか?,アクションコメディ
ドクムシ,学校らしき建物に監禁された7人の男女。口にできるのは水道水のみ、残り時間は1週間…。閉ざされた飢えの恐怖が蔓延する中、極限のデスゲームが幕を開ける。,ホラー
デジモンアドベンチャー tri. 第2章「決意」,"高校生の現実と自分たちの使命になやみ、迷ってゆく""選ばれし子どもたち""。そんな中、ミミの取った行動は、最悪の結果に。それぞれの決意が今、試される。",ビデオゲームが原作のアニメ
淵に立つ,郊外で小さな金属加工工場を営む夫が、家族に相談もなく、前科者の旧友を雇い入れ自宅に住まわせる。戸惑いながらも、奇妙な共同生活を始める一家だったが…。,ヒューマンドラマ
恋妻家宮本,子供が独り立ちし、初めて夫婦2人きりで生活する陽平と美代子。ぎこちない日々を送る中、衝撃的な発見をした陽平は熟年離婚の危機を察して取り乱してしまう。,ラブコメディ
闇金ドッグス3,元ヤクザの安藤忠臣が経営する闇金会社で働くイケメンの元ホスト・須藤司。女性専用の金融システムを作り、男の武器を活かして順調に実績を上げていくが...。,ヒューマンドラマ
アズミ・ハルコは行方不明,典型的な郊外の町で突然1人のOLが失踪。町中に捜索願のポスターをモチーフにした落書きが拡散していく中、男だけを無差別に暴行する女子高生集団が出現する。,ヒューマンドラマ
CUTIE HONEY －TEARS－,AIに支配された近未来。ある日、富める上層階から貧しい下層階に落下した如月瞳。彼女は、如月博士の亡き娘の記憶が移植されたアンドロイドだった。,国内SF・ファンタジー
ローカル路線バス乗り継ぎの旅 The Movie,個性豊かな旅人トリオがやって来たのは、魅惑の国、台湾。おなじみの3箇条に従いながら、目指すは台湾最南端。だが同じ頃、大型台風も台湾に近づいていて…。,国内バラエティ・お笑い
CONFLICT 〜最大の抗争〜 第一章 勃発編,日本最大のヤクザ組織・天道会の幹部が惨殺された。天道会の若頭・鷲尾一馬は、背後にある大きな陰謀の影を確信。今、史上最大の抗争が幕を開けようとしていた。,国内アクション・アドベンチャー
シマウマ,知らずにヤクザを美人局のカモにしようとした男が、いやおうなしに引きずり込まれた暗黒の世界。そこで依頼人の恨みを代わりに晴らす回収屋となっていく。,国内アクション・アドベンチャー
劇場版 新・ミナミの帝王,地元商店を食い物にするあくどい計画と、陰謀に利用される女子高生達。地獄の沙汰も金次第とは言うものの、高利貸しの銀次郎は事件にどう立ち向かうのか!?,漫画が原作の国内映画
二重生活,大学院で哲学を学ぶ珠は教授の勧めを受け、隣人を尾行してみることに。隣人の秘密を知った珠は尾行にのめり込み、その影響は日常や恋人との関係を浸食してゆく。,ヒューマンドラマ
黒子のバスケ ウインターカップ総集編 ～扉の向こう～,"もうひとつの準決勝・秀徳VS洛山戦。そして、ついに決勝戦。かつて""キセキの世代""の主将を務めた天才選手が率いる絶対王者に誠凛が食らいつく。",スポーツアニメ
人狼ゲーム プリズン・ブレイク,"拉致・監禁した高校生たちに殺し合いをさせ、生き残った者には1億円が与えられる""人狼ゲーム""。参加者たちが生き残る手段は、殺し合いだけなのか...?",ホラー
大怪獣モノ,地底から巨大怪獣が現れ、日本は未曽有の大混乱に。残された最後の希望である万能細胞を注入された研究助手は巨人化し、人類の命運をかけた死闘に挑むのだが…。,アクションコメディ
家族はつらいよ,酔って妻の愚痴を言う夫と、そんな夫を優しく介抱する妻と子どもたち。どこにでもいる平凡で幸せな家族の日常が、ある日突然崩れ去る。引き金は妻の離婚宣言。,ヒューマンドラマ
闇金ドッグス4,すでにヤクザを引退し、元イケメンホストの相棒と一緒に闇金業を営む男の前に、刑期を終えた大兄貴分が帰ってくる。彼の社会復帰を助けようとするが...。,ヒューマンドラマ
ライチ光クラブ,9人の中学生が目指すのは、醜い大人のいない自分たちだけの世界。そのために開発されたロボットが、いよいよ起動する。少年たちの夢は果たして現実となるのか?,国内SF・ファンタジー
聖の青春,幼少期から難病に苦しみながらも人生の全てを将棋にささげた天才棋士、村山聖。将棋に没頭して勝利を重ねるが、その命に残された時間はあまりにも少なかった。,実話に基づくヒューマンドラマ
映画 妖怪ウォッチ 空飛ぶクジラとダブル世界の大冒険だニャン!,さくらニュータウンに空飛ぶ巨大クジラがとつぜん現れ、ケータや妖怪たちが実写に! アニメと実写ダブルの世界で、ありえニャイ大冒険がはじまるニャン!,キッズアニメ
planetarian～星の人～,滅びゆく世界に生きるレビ、ヨブ、ルツの前に現れた不思議な旅人。彼こそは、失われた星の美しさを語り継ぐ伝説の人。その壮大な人生の旅の物語が今幕を開ける。,ビデオゲームが原作のアニメ
植物図鑑 運命の恋、ひろいました,"突然現れた謎の男を""拾った""一人暮らしのさやかは、期限付きの同居生活の中で、野草の名前を教えてくれたり朝食を作ってくれる優しい彼に次第に惹かれていく。",日本アカデミー賞受賞映画
アルビノ,自分が女であることへの違和感を抱えて生きる主人公。あるとき1人の少女と出会い、激しく求め合うようになる。だがやがて、少女の暗い秘密を知り...?,LGBTQを描いたヒューマンドラマ
劇場版 しまじろうのわお! しまじろうと えほんのくに,しまじろうが海辺で見つけたなつかしい本。それは、ふしぎな世界への入り口だった…! 絵本の中に吸いこまれたしまじろうと仲間たちの大ぼう険へようこそ。,キッズ音楽
デジモンアドベンチャーtri. 第3章「告白」,メイクーモンが姿を消した。選ばれし子どもたちは、デジモンの感染が現実世界まで拡大するのを防ごうとする。残された唯一の方法は、リブートしかないのか…。,ビデオゲームが原作のアニメ
森山中教習所,高校時代の同級生だった、能天気な大学生と根暗なヤクザ。ひょんなことから再会した2人は一緒に自動車教習所に通い始め、いつもと違う青春の一夏が幕を開ける。,ヒューマンドラマ
映画 プリキュアオールスターズ みんなで歌う 奇跡の魔法!,人間界に遊びにきたみらいとリコだが、突然現れた魔女のソルシエールと仲間の魔法で離れ離れに! 魔女の狙いは、最悪の魔法の完成に必要なプリキュアの涙だった。,キッズ音楽
仮面ライダー1号,新たな悪の組織、ノバショッカーが、おそろしい計画を始動。長年戦い続けてきた仮面ライダー1号は仮面ライダーゴーストと力を合わせ、悪の野望に立ち向かう。,キッズ・ファミリー映画
好きでもないくせに,琴子は、昼は売れないモデル、夜はナンバーワンのキャバ嬢。ある日、合コンでモデル・陸に一目惚れ。本当に好きな男とはセックスできない琴子の複雑な心情を描く。,ヒューマンドラマ
世界から猫が消えたなら,猫と暮らす余命わずかな男の前に、悪魔が突然現れた。悪魔は、世界から何かを1つ消す代わりに男の寿命を1日延ばす。だが、消したものとの思い出も消えてしまう。,ヒューマンドラマ
黒子のバスケ ウインターカップ総集編 ～影と光～,"ウインターカップ1回戦、誠凛はインターハイのリベンジを果たすべく桐皇学園に挑む。黒子は、かつての""光""だった元チームメイトの青峰と向き合う。",スポーツアニメ
嫌な女,恋多き詐欺師気質の従姉に、婚約破棄で慰謝料を請求されたと泣きつかれた孤独で真面目な女弁護士。この日を境に、トラブルが起こるたび解決に駆り出され…。,ヒューマンドラマ
花芯,親の決めた許婚と結婚したものの、愛のない生活を送る女が、生まれて初めて恋を知る。相手は夫の上司。戸惑いながらも、子宮の叫びは抑えられなくなっていく。,ヒューマンドラマ
夢二 愛のとばしり,"""美人画""のモデルとなった妻との現実的な日常に、芸術家として葛藤していた竹久夢二。そんなある日、1人の女性と出会い、瞬く間に彼女との愛に溺れていく。",ヒューマンドラマ
タイマン,10年以上の腐れ縁の男子高校生2人が一目ぼれした女の子の兄は、学校史上最強と言われる男。それでも彼女を振り向かせるため、ケンカを売りに向かっていく。,国内アクション・アドベンチャー
手裏剣戦隊ニンニンジャー VS トッキュウジャー The Movie 忍者・イン・ワンダーランド,"闇博士マーブロが創り出した""闇忍者ランド""に迷い込んでしまった手裏剣戦隊ニンニンジャー。このピンチを救おうと現れたのは、烈車戦隊トッキュウジャーだった!",キッズ・ファミリー映画
黒子のバスケ ウインターカップ総集編 ～涙の先へ～,"ウインターカップを勝ち進む誠凛バスケ部。""キセキの世代""の選手を擁する強豪チームを相手に激しい攻防戦を繰り広げ、準々決勝、準決勝へと駒を進めていく。",スポーツアニメ
映画 魔法つかいプリキュア! 奇跡の変身! キュアモフルン!,100年に1度の大魔法フェスティバル。願いの石に選ばれたモフルンはナゾのクマ・ダークマターに連れ去られてしまう。でも、みんなの願いがキセキを起こす!,アニメ
劇場版ウルトラマンX きたぞ! われらのウルトラマン,太古の昔にふう印された閻魔獣(えんまじゅう)ザイゴーグが復活し、地球の平和をおびやかす。ウルトラヒーローたちと力を合わせ、戦え、ウルトラマンエックス!,キッズ・ファミリー映画
屋根裏の散歩者,"浮気性の若き医者が、ある館で遺体となって見つかった。その館に住む""散歩者""は、医者の自殺を目撃したのか? それともこれは、他殺だったのか?",ヒューマンドラマ
イタズラなKiss THE MOVIE ～ハイスクール編～,相原琴子は天才イケメンの入江直樹に告白するものの、あっさり撃沈。ところが、ひょんなことから琴子は直樹の家に居候することになり、イタズラな恋が動き出す!,ティーン向け恋愛・ラブストーリー
白鳥麗子でございます! THE MOVIE,ラブラブ同棲中の麗子と哲也。だが故郷の下田では、リゾート開発を進める麗子の実家が哲也の父ら漁師たちと対立。麗子も哲也との交際を禁じられてしまう。,ラブコメディ
ポッピンQ,"中学の卒業式当日、海で""時のカケラ""を拾い、""時の谷""に迷い込んだ伊純。そこで悩みを抱える少女5人が出会い、ダンスを通して、前に進み始める。",キッズアニメ
無伴奏,学園紛争まっただなかの1969年。時代の波に乗り革命を訴える女子高生が、3人の自由な若者と出会う。彼らとつるむようになり、初恋に身を焦がすが...。,ティーン向け恋愛・ラブストーリー
尾崎支配人が泣いた夜 DOCUMENTARY of HKT48,AKB48の姉妹グループ、HKT48。少女達は挫折を味わい、苦悩しながらも、決して夢を諦めない。情熱に燃える博多娘達の本気と本音、そして素顔に迫る。,ショービジネスの世界を描いたドキュメンタリー
オーバー・フェンス,妻と別れた男は故郷の函館に戻り、職業訓練学校に通う日々。ただ働いて死ぬだけの何も無い人生だと思っていたが、ある出会いをきっかけに過去と向き合い始める。,ヒューマンドラマ
少女椿,母が死んでひとりぼっちの少女が、あらゆる見世物がそろった怪しいサーカス団に拾われる。そこには、めくるめくエロチックでグロテスクな世界が花開いていた。,国内SF・ファンタジー
彼岸島 デラックス,行方不明の兄・篤を捜すため、吸血鬼や巨大な化け物がはびこる彼岸島に上陸した宮本明は、島で必死の抵抗を続けるレジスタンスの村人らと共に過酷な戦いに挑む。,ホラー
夏美のホタル,亡き父との思い出の森へ向かった夏美は、老女と息子が営む小さな商店に居候させてもらうことに。夏美は穏やかな生活を楽しむが、やがて2人が抱える痛みを知る。,ヒューマンドラマ
バースデーカード,10歳のときに母を亡くした紀子。子供達が20歳になるまで毎年バースデーカードを贈ると約束した母。毎年、紀子の誕生日には亡き母の思いを託した手紙が届く。,日本アカデミー賞受賞映画
KING OF PRISM by PrettyRhythm,華々しいデビューを飾ったOver The Rainbowのライブでプリズムショーに魅了された一条シンは、プリズムスタァを夢見て養成校エーデルローズに入学する。,ビデオゲームが原作のアニメ
全員、片想い,幼なじみ、いとこ同士、ルームメイト、職場の同僚。どんなに好きになっても届くことのない、切ない思い…。そんな8つの恋模様を描く、甘酸っぱい片思いの物語。,ラブロマンス
道頓堀よ、泣かせてくれ! DOCUMENTARY of NMB48,大阪に誕生したアイドルグループ、NMB48。華やかな舞台の裏には、汗と涙にまみれて夢を追い続けるメンバー達の姿が。少女達のリアルな光と影がここにある。,ショービジネスの世界を描いたドキュメンタリー
サマータイムエンジェル,進路が決まらない高校生の比呂は、夏休みを前にヒーローになろうと決心する。へなちょこぶりがハンパない女子高生ヒーローは、悪の手から世界を守りきれるのか!?,コメディ
存在する理由 DOCUMENTARY of AKB48,国内で人気の頂点に君臨するトップアイドルが、活動11年目を記念し、後輩たちを歓迎する。次世代メンバーたちは先輩たちの後に続く意味について語る。,ショービジネスの世界を描いたドキュメンタリー
蜜のあわれ,老作家は、小悪魔的な美少女と共に暮らしている。実は、この少女の正体は真っ赤な金魚。作家への愛を募らせた女幽霊が現れ、世にも奇妙な三角関係が幕を開ける。,ヒューマンドラマ
クハナ！,寂れた街の小学校に、元ジャズプレーヤーの先生がやって来た。これを機に、少女達はビッグバンドを始め、大人達や曇りがちな日々に元気と笑顔を取り戻してゆく。,ヒューマンドラマ
攻殻機動隊 新劇場版,"総理大臣暗殺という衝撃の事態に揺れる日本。捜査にあたった草薙素子率いる""寄せ集めメンバー""は、世界の将来を左右する電脳ウイルスの存在をつかむが…。",国内SF・ファンタジー
日本のいちばん長い日,日本がポツダム宣言受諾による降伏を迫られた太平洋戦争末期。終戦に反対する青年将校たちがクーデターを計画する中、天皇と内閣は国の運命を懸けた決断を下す。,実話に基づくヒューマンドラマ
アイアムアヒーロー,恐ろしいウイルス感染により、瞬く間に地獄へと変わっていく日本列島。金も才能も、そして度胸もない漫画家志望のさえない男を、極限のサバイバルが待ち受ける!,ホラー
ドラゴンボールZ 復活の「F」,フリーザ軍の残党、ソルベとタゴマはドラゴンボールを使い、フリーザをよみがえらせた。悟空とベジータは、復活してパワーアップした宿敵との空前絶後の戦いへ!,日本アカデミー賞受賞映画
進撃の巨人 ATTACK ON TITAN,人間を喰らう巨人の陰に脅える人類が、巨大な壁の内側でひっそりと暮らす世界。調査兵団の兵士となった青年エレンは巨人との激しい戦いに身を投じていく。,国内SF・ファンタジー
天空の蜂,機内に子供が残されたまま、超巨大ヘリコプターが奪われた。犯人の標的は原子力発電所。限られた時間の中、ヘリの設計者と原発の設計者は凶行を阻むべく奔走する。,国内アクション・アドベンチャー
新宿スワン,金も仕事もない主人公がある人に気に入られ、新宿・歌舞伎町のスカウトマンとなる。夜の女たちを幸せにすることを信条に、生きていくことを誓うのだが...。,国内アクション・アドベンチャー
進撃の巨人 ATTACK ON TITAN エンド オブ ザ ワールド,エレンの巨人化の謎、そして世界の運命を左右する驚くべきカラクリが明かされる。惨劇の恐怖が人類に迫る中、エレン、ミカサ、アルミンの最後の戦いが始まる。,国内SF・ファンタジー
杉原千畝 スギハラチウネ,リトアニアに赴任した外交官の杉原千畝はユダヤ人の迫害を目にし、日本政府の命に背いて彼らにビザを発給することを決断する。数千人を救った男の真実の物語。,実話に基づくヒューマンドラマ
劇場版「進撃の巨人」後編〜自由の翼〜,それは人類の救世主か、それとも破滅に導く悪魔か...。巨人を倒すため、自ら巨人化する少年の運命はいかに。アニメ界にその名を轟かせた作品の劇場版後編。,国内SF・ファンタジー
イニシエーション・ラブ,恋愛下手な鈴木は、合コンで出会った魅力的な女性・マユと恋に落ちる。やがて鈴木は東京への転勤が決まり、2人は遠距離恋愛でも変わらぬ関係を続けていたが...。,ラブロマンス
orange-オレンジ-,高校生の菜穂に10年後の自分から届いた手紙。翔を好きになるが、1年後には翔が死んでいるという。運命を変えるべく動いた先にある、温かくも切ない結末とは?,日本アカデミー賞受賞映画
屍者の帝国,19世紀末の英国、医学生のジョン・ワトソンは、死者をよみがえらせる禁断の技術を記した手記の捜索を命じられる。手記を巡る混乱が迫る中、壮大な旅が始まる。,国内SF・ファンタジー
あん,"どら焼き屋""どら春""の雇われ店長が76歳の老女、徳江を雇う。彼女が作る粒あんがあまりに美味しく、店は繁盛するが、心ない噂が彼らの運命を変えていく。",ヒューマンドラマ
ピース オブ ケイク,恋愛も仕事も流されるまま、なんとなく生きてきた25歳の梅宮志乃。心機一転、引っ越しをしたその夜に隣人の京志郎に出会い、思いを寄せるようになるが...。,漫画が原作の国内映画
バクマン。,クラスメイトから漫画家になろうと誘われた高校生。プロの漫画家だった叔父が過労死したことから最初は渋っていたが、あることがきっかけで漫画家を目指すことに。,日本アカデミー賞受賞映画
極道大戦争,噛まれたら全員ヤクザ!? ヤクザ・ヴァンパイアに噛まれたカタギ・ヤクザ VS リアル・ヤクザの戦いと強敵の襲来を超えて、最後に生き残るのは誰だ?,アクションコメディ
リアル鬼ごっこ　2015劇場版,バスで修学旅行中の女子高生たちが突然異常な事故で命を落とす。一人生き残った女子高生は、何者かに追われ逃げるうちに、シュールで暴力的な異世界に入り込む。,ホラー
デジモンアドベンチャーtri. 第1章「再会」,"太一は高校生になり、かつての冒険は遠い昔のよう。そんなある日、デジモンが暴れ出す事件が発生。太一と""選ばれし子どもたち""の物語が、再び動き始める。",ビデオゲームが原作のアニメ
劇場版 ウルトラマンギンガS 決戦! ウルトラ10勇士!!,新世代のウルトラマンたちが、超時空魔神エタルガーに封印された!? ウルトラマンギンガとウルトラマンビクトリーの力がひとつになり、強敵に立ち向かう!,キッズ・ファミリー映画
ヒロイン失格,はとりは自分こそが幼なじみの利太と結ばれる運命だと信じている。だが、利太が自分以外の女子と付き合い始め、はとりもまた別の男子と付き合うことになるが...。,ティーン向け恋愛・ラブストーリー
映画 妖怪ウォッチ エンマ大王と5つの物語だニャン!,5つの物語を通して、妖怪と人間の絆を描き出す「妖怪ウォッチ」劇場版第2弾。おなじみのキャラたちが、人間界と妖魔界を舞台に繰り広げるドキドキの大冒険!,ビデオゲームが原作のアニメ
hide 50th anniversary FILM『JUNK STORY』,1998年の突然の死からどれほどの時が経っても、X JAPANのギタリストhideの伝説が色褪せることはない。彼が残したサウンドとメッセージをここに。,国内ドキュメンタリー
ピンクとグレー,幼なじみを有名にすると約束した後、この世を自ら去った若き俳優。残された遺書に導かれ、親友は言葉通りスターの地位を手に入れるが、次第に自分を見失っていく。,ヒューマンドラマ
ハーモニー,"""大災禍""から復興し、健康と調和を重んじる高度な医療社会に移行した近未来。自殺未遂の過去を持つ螺旋監察官の霧慧トァンが、謹慎処分で日本に帰国してくる。",国内SF・ファンタジー
リトルウィッチアカデミア 魔法仕掛けのパレード,アッコとルーナノヴァ魔法学校の同級生が、魔女狩りの歴史を再現したパレードに参加することに。でもどうせならこのイベント、もっとポジティブにしたい!,国内SF・ファンタジー
NINJA THE MONSTER,"江戸へ向かう幸姫は、道中で謎の""もののけ""に襲われる。姫を守るのは、素性を隠した忍者・伝蔵。命がけで旅を続ける中、2人の間に特別な思いが芽生えてゆく。",国内アクション・アドベンチャー
劇場版 蒼き鋼のアルペジオ -アルス・ノヴァ- Cadenza,幾多の戦闘をくぐり抜け、ついに人類の切り札をアメリカに届けることに成功した千早群像とイオナ、そして乗組員たち。だが、群像の目的は、他にあった…。,主人公最強アニメ
すんドめ,転校してきた美少女に完全に心を奪われた英男。だが彼女はとんでもない小悪魔だった! 悲しき童貞の、絶対服従の恋はどうなる?,漫画が原作の国内映画
しまじろうとおおきなき,しまじろうと仲間たちは、大きな木のある島に到着。いじわるなクモのきょうだいにさらわれてしまったはなちゃんを助けることができるのか?,キッズ音楽
ソロモンの偽証 後篇・裁判,前代未聞の中学生による校内裁判、遂に開廷。様々な思惑が絡み合う中、誰もが真相を求めて奔走し、嘘に隠された真実が暴かれる。その果てに下される評決とは…。,日本アカデミー賞受賞映画
劇場版 蒼き鋼のアルペジオ -アルス・ノヴァ- DC,"謎に包まれた""霧の艦隊""が世界の海域を封鎖。疲弊する人類を救う最後の切り札を量産するため、若き日本の士官候補生らを乗せた潜水艦が、アメリカを目指す。",主人公最強アニメ
劇場版 仮面ライダードライブ サプライズ・フューチャー,「世界はロイミュードに支配される」と進ノ介に語ったのは、未来から来た息子、エイジ。強大な敵、迫る最悪の未来。苦渋の末、進ノ介が下した涙の決断とは!?,キッズ・ファミリー映画
劇場版 弱虫ペダル,インターハイ優勝後、熊本でのレースに招かれた総北高校自転車競技部。全国の強豪との激闘に向け、メンバーは気合い満点。だが、予期せぬ事態が待ち受けていた。,スポーツアニメ
ソロモンの偽証 前篇・事件,遺体で発見された中学生は自殺したのか、いじめの末に殺されたのか。クラス委員は保身に走る大人に見切りをつけ、真実を暴く学校内裁判の開催を求めて動き出す。,日本アカデミー賞受賞映画
仮面ライダー×仮面ライダー ゴースト&ドライブ 超MOVIE大戦ジェネシス,仮面ライダーゴーストとドライブはワームホールに吸いこまれ、10年前の過去の世界へ。全ては、眼魔(がんま)の手によってよみがえったあの大天才のわなだった!,キッズ・ファミリー映画
ストロボ・エッジ,高校生の仁菜子に訪れた初めての恋。その相手・蓮は学校一の人気者で、しかも年上の彼女がいた。蓮への想いが募る中、仲のいい同級生・大樹から告白され…。,ティーン向け恋愛・ラブストーリー
青鬼 ver.2.0,不登校の同級生シュンの家に向かっていたひろしと杏奈。そしてシュンをいじめていた生徒たち。怪物が出ると噂される無人の洋館で彼らが遭遇したのは、究極の恐怖。,ホラー
映画 ハイ・スピード! -Free! Starting Days-,中学生になり、水泳部へ入った遙と真琴。新たな仲間達とメドレーリレーのチームを組むが、前途は多難。少年達は悩みを抱えながら、本当のチームを目指してゆく。,スポーツアニメ
駆込み女と駆出し男,江戸時代後期、離縁を求める女達が駆け込む縁切寺があった。見習い医者は、女達の身柄を預かる宿に居候。男と女のもつれた糸をほぐし、女達の助けになってゆく。,ヒューマンドラマ
くちびるに歌を,代理の音楽教師として数年ぶりに故郷に戻った元天才ピアニスト・柏木ユリ。嫌々合唱部の顧問になり、生徒達が抱える悩みや自らの辛い過去に向き合っていく。,ヒューマンドラマ
天才バカヴォン～蘇るフランダースの犬～,バカボンを狙う悪の組織が送り込んだ刺客は、あの名作の主人公ネロとパトラッシュだった! 人間への復讐心に燃えるネロと天才バカボンの戦いの行方やいかに?!,コメディ・ギャグアニメ
Zアイランド,逮捕された弟分、武史の娘の世話をしていた元ヤクザの組長。10年後の出所で娘との再会を心待ちにしていた武史。ところが娘の日向は家出をしてしまい...。,アクションコメディ
人狼ゲーム クレイジーフォックス,"ある日突然、高校生たちが命を賭けた""人狼ゲーム""に参加させられる。あやかは""狐""のカードを手に、誰をも信じられないゲームで1人生き残ろうと奮闘する。",ホラー
犯る男,運河沿いのテントで愛犬と暮らす吉井は、押し込み強盗をしながら暮らしていた。ある日、盗んだ携帯電話にあったユリ子の写真を見た彼は、彼女の家を襲うと決める。,ヒューマンドラマ
ビハインド・ザ・コーヴ ~捕鯨問題の謎に迫る~,イルカ漁の実態が公開され、世界から注目されることになった捕鯨問題。本作が初の映画制作となる女性監督が、独自の調査で捕鯨論争に鋭く切り込んでいく。,政治ドキュメンタリー
映画 プリキュアオールスターズ 春のカーニバル,ハルモニアで春のカーニバルが開幕! 先輩プリキュアの歌とダンスに大感激の春野はるか。ところが、妖精たちが行方不明になり、会場はパニックに...!,アニメ
おんなのこきらい,可愛いことに至上の価値を見出すキリコは、顔も洋服もしぐさも、すべてが可愛くてモテモテの女の子。でも実は、可愛いものを食べては吐き戻す過食症女子だった。,ヒューマンドラマ
ストレイヤーズ・クロニクル,ある極秘機関の実験により誕生した、特殊な能力を持つ子供たち。彼らのうち絶望に満ちた1組は未来の破壊を望み、もう1組は未来への希望を信じて戦いを挑む。,国内SF・ファンタジー
ケンとカズ,恋人の妊娠を機に裏社会から足を洗おうとするケンと、母親を施設に入れるために金が必要なカズ。厳しい現実に直面した2人は、危険な仕事に手を染めるのだが...。,インディーズ映画
トイレのピエタ,画家への夢を諦めてフリーター生活を送っていた青年。余命3ヵ月と告げられ人生最期の夏を意識した時、立ちはだかるように現れた女子高生に惹かれ...。,泣けるラブロマンス
通学途中,内気で恋に不器用な女子高生ユキが恋したカレには彼女がいる。その現実を受け入れたいけど想いは募るばかり…。でも、そんなユキをずっと見守っている人もいる。,ティーン向け恋愛・ラブストーリー
劇場版総集編 前編 『ハイキュー!! 終わりと始まり』,バレーボールに夢中の日向が目指すのは、全国の頂点に立つこと。意気揚々と高校に入学した日向だったが、チームの中には因縁のライバル、影山の姿があった。,スポーツアニメ
はなちゃんのみそ汁,結婚を前に乳がんを宣告された知恵。がんと闘いながら結婚、妊娠、出産を経験するが数年後に再発。母としての想いを伝えるため、娘に食の大切さを教え始める。,実話に基づくヒューマンドラマ
劇場版総集編 後編 『ハイキュー!! 勝者と敗者』,全国大会を目指し奮闘を続ける烏野高校が挑む、絶対に負けられない県予選。強豪チーム相手に苦戦する日向と影山は、己の限界を超え、勝利を掴みとれるのか?!,スポーツアニメ
すんドめ2,サディスティックな転校生の美少女が、性的欲求不満の男子生徒を翻弄する。ちょっとエッチな学園ラブコメディの第2弾。,漫画が原作の国内映画
FOUJITA,1920年代、エコール・ド・パリの寵児(ちょうじ)となっていたフジタ。戦争を機に日本に戻り、日本美術界の重鎮に上りつめた彼は、疎開先で敗戦を迎えるが...。,実話に基づくヒューマンドラマ
ガールズ・ステップ,地味で友達もいない5人の女子高生が、ひょんなことからダンス部を結成。失敗を重ねながらもひたむきにダンスを続けていくうちに友情が芽生え、共に成長していく。,ヒューマンドラマ
通学電車,電車で通学しているユウナは、車内で見かけるハルに片想い。毎朝、ただ見ているだけで幸せ。だが、ある朝目を覚ますと、なぜかハルが隣で寝ていて、びっくり!,ティーン向け恋愛・ラブストーリー
映画かいけつゾロリ うちゅうの勇者たち,大ブームのうちゅうの石をさがし始めたゾロリたちは、ひょんなことからうちゅうに放り出される。たどり着いたナゾの星で、かいじゅうたいじを引き受けるハメに。,キッズ・ファミリー映画
ザ・バース・オブ・サケ,老舗酒蔵「吉田酒造店」の酒造りに密着し、職人たちの技と献身的姿勢を通して酒造りの文化を伝えるドキュメンタリー。,ドキュメンタリー
家族ごっこ,"他人が疑似家族を演じる""鈴木ごっこ""に、遺産を狙って愛人が集まる山崎家、貧乳比べで家族崩壊の危機を迎える田中家。ありえない家族たちのオムニバス映画。",ヒューマンドラマ
夏ノ日、君ノ声,ケンカで怪我をした高校2年生の哲夫は、入院先の病院で、聞くことも話すこともできない舞子と出会う。筆談で交流を重ねるうち、2人はいつしか惹かれ合い…。,ティーン向け恋愛・ラブストーリー
誘惑遊女　～ソラとシド～,"田舎町にある昔ながらの風俗店""どれみ""で働く空と志渡は姉妹のように仲良し。しかし、街の浄化運動による再開発で、店に立ち退きの危機が迫っていた。",ヒューマンドラマ
映画『ブラフマン』,結成から20年、日本のバンド界を牽引してきた孤高のライブバンドBRAHMAN。インタビューと映像を通して、その軌跡と音楽に込めた思いが明らかになる。,国内ドキュメンタリー
アイドルの涙 Documentary of SKE48,アイドルグループSKE48、初のドキュメンタリー。メンバーもファンもスタッフも泣いて築いた涙の歴史。熱い思いを吐露する少女達の姿に、心が揺さぶられる!,ショービジネスの世界を描いたドキュメンタリー
闇金ウシジマくん Part2,金に困ったクズに超暴利で貸し付け、容赦なく取り立てるアウトローの闇金社長ウシジマ。彼の周りには、金の匂いを嗅ぎつけたハイエナたちが、今日も群がってくる。,ヒューマンドラマ
愛の渦,サラリーマン、女子大生、ニート...。乱交パーティーに集った見ず知らずの男女8人が徐々に欲望を曝け出し本性を露わにしていく姿を真っ向から描いた問題作。,ヒューマンドラマ
聖闘士星矢 LEGEND of SANCTUARY,不思議な力を持つ少女は聖闘士の少年に救われ、自らの運命を知る。その行く手には、黄金聖闘士との死闘が待っていた。「聖闘士星矢」シリーズ劇場公開6作目。,国内SF・ファンタジー
るろうに剣心 伝説の最期編,日本征服を狙う志々雄は、東京へ侵攻を開始。このままでは宿敵を倒せないと悟った剣心は、師匠に奥義の伝授を懇願。全てを終わらせるため、剣心は最後の戦いへ!,国内アクション・アドベンチャー
劇場版「進撃の巨人」前編〜紅蓮の弓矢〜,巨人の餌と化した人類は、その侵略に怯え壁内の世界で暮らしていたが、その壁を越える超大型巨人が出現する。10才の少年・エレンは、仲間を率いて戦いを挑む。,国内SF・ファンタジー
るろうに剣心 京都大火編,不殺の誓いを立てた伝説の剣士、緋村剣心の前に立ちはだかる最狂の敵、志々雄真実。日本転覆を企てる男の狂気と恐るべき陰謀が、容赦なく剣心に襲いかかる。,国内アクション・アドベンチャー
トリック劇場版 ラストステージ,商社からの依頼で秘境の地へとやって来た物理学者の上田と自称天才奇術師の奈緒子。そこでは、謎めいた呪術師が現地住民を扇動し、企業活動を妨害していた。,ミステリー
渇き。,精神を病んだ元刑事・藤島の娘、加奈子が失踪した。自身の心の闇と戦いながら加奈子の行方を調査する中で、藤島は隠された娘の素顔を知ることになる。,犯罪サスペンス
アップルシード アルファ,世界大戦後の荒廃したニューヨークで、女性隊員と相棒のサイボーグは戦いの日々を送る。理想都市オリュンポスでの安息を夢見る2人の前に、謎の少女が現れる。,国内SF・ファンタジー
神さまの言うとおり,退屈な日々を過ごす高校生たちが、ある日突然、命をかけた授業の始まりを告げられる。次々と出される課題をクリアしなければ即、死。これは遊び? それとも…。,ホラー
超高速! 参勤交代,江戸時代、藩の金山を狙う幕府の陰謀により、僅か5日以内に参勤交代せよとの無理難題を押し付けられた貧乏小藩。意地と知恵を振り絞ってこの危機を乗り越えろ!,歴史・時代劇
花と蛇 ZERO,"女性を監禁し調教する様子をライブ配信する違法サイト、""バビロン""。捜査する警部・雨宮美咲、そして主婦の瑠璃と静子は、囚われの身となり痴態を晒すのだが…。",ヒューマンドラマ
ちょっとかわいいアイアンメイデン,憧れの名門女学園に入学した結月。ところが入部を迫られたのは学園公認の拷問部だった! 部員の先輩に恋心を抱くも、そこには恋愛厳禁の掟があり...。,LGBTQを描いたヒューマンドラマ
LUPIN THE IIIRD 次元大介の墓標,お宝を盗み出したルパンと次元を襲う銃弾。なんと、次元は殺し屋・ヤエル奥崎の標的になっていた。対決する2人のガンマン。撃たれたのは...?,国内アクション・アドベンチャー
MONSTERZ モンスターズ,視界に入るすべての人間を意のままに操ることができる男が、対立する能力を持つ宿命の相手に遭遇。繰り広げられる死闘の果てに生き残るのはどちらの男か?,国内SF・ファンタジー
黒執事,高貴な一家の子孫として男装している美しい令嬢。一家を切り盛りするため、あくまで執事の男を雇い、更に殺害された自分の両親のかたきを取ろうとしていた。,国内アクション・アドベンチャー
百円の恋,実家に引きこもり、自堕落な生活を送る32歳の女。だが、中年ボクサーと出会い、ボクシングを始めて、何かが変わり始める。負けっぱなしの人生から這い上がれ!,日本アカデミー賞受賞映画
ノ・ゾ・キ・ア・ナ,一人暮らしを始めた龍彦は、自室の壁に穴を発見。思わず覗いてみると、そこには隣に住む美少女・えみるの姿が。2人は、互いを覗き合う奇妙な日々を送り始める。,官能的なラブロマンス
ホットロード,14才の少女・和希は、ある日出会った不良少年の春山に次第にひかれていく。春山も和希を大切に想うが、暴走族のリーダーとしての責任との狭間で悩み苦しむ。,ティーン向け恋愛・ラブストーリー
白ゆき姫殺人事件,美人OLが惨殺された不可解な殺人事件を巡り、1人の女に疑惑の目が集まる。テレビ報道は過熱し、ネットは炎上。噂が噂を呼び、口コミの恐怖は広がっていく。,ヒューマンドラマ
映画 妖怪ウォッチ　誕生の秘密だニャン!,ある夜、寝ていたケータの腕から光を放ち突然消えた妖怪ウォッチ。その行方を追って、向かった先は...!? 爆発的な人気を誇るゲームソフトの劇場版アニメ。,ビデオゲームが原作のアニメ
紙の月,バブル崩壊直後、満たされない思いの主婦が銀行に再就職し、小さな横領に手を出してしまう。堰を切ったように彼女は不倫に溺れ、金銭感覚も失っていく。,日本アカデミー賞受賞映画
ぶどうのなみだ,理想のワインを作るためピノ・ノワールを育てる兄、小麦を作りパンを焼く弟。北海道の農場で暮らす兄弟のもとに、ちょっと変わった女性がふらりとやって来て…。,ロマンチックなヒューマンドラマ
GTO TAIWAN,大ヒット漫画原作ドラマシリーズ台湾編。台湾の高校で一週間教えることになった鬼塚は、龍二を連れていざ台湾へ。「GTO」史上最も場違いな鬼塚授業が始まる!,ヒューマンドラマ
野火,フィリピン、レイテ島。結核を患った日本兵は野戦病院にも部隊にも見捨てられ、ひとりジャングルをさ迷う。極限状態の中で兵士が見た、戦場の恐怖と狂気とは。,ヒューマンドラマ
トリハダ －劇場版2－,マンションに届き続けるラブレターを、好奇心からつい開けてしまったOLのしおり。宛先の女性は、1年半前に起きた未解決ストーカー殺人事件の被害者だった。,ホラー
陸上自衛隊装備集,国土と国民を守るために活動し、国防の最前線に立つ陸上自衛隊。その全面協力のもと、27種の主要装備をハイビジョンで撮影し、性能や運用方法を徹底解説する。,ドキュメンタリー
しまじろうとくじらのうた,怪我をした赤ちゃんクジラを助けたしまじろう。遠く離れたお母さんのところに送り届けるため、海の世界で大冒険を繰り広げる。,キッズ音楽
サンブンノイチ,キャバクラの店長、そこで働くボーイ、そして常連客。3人の男たちがまさかの銀行強盗を成功させるが、それぞれの金の配分をめぐり、仲間割れが勃発し...。,ヒューマンドラマ
好きっていいなよ。,人付き合いが苦手で友達も彼氏もいない女子高生、めい。そんな彼女が、些細な事件をきっかけに超イケメン同級生の大和と急接近。めいのほろ苦い初恋が始まる。,ティーン向け恋愛・ラブストーリー
花宵道中,江戸の新吉原。遊郭「山田屋」で一番人気の女郎・朝霧は、年季明けまであと一年。そんなある日、染物職人の半次郎と出会い、生まれて初めての恋に落ちる。,歴史・時代劇
女の穴,自分は地球人と子供を作るよう命じられた宇宙人だと主張する女子高生。そして、教師の弱みに付け込んで、調教する少女。暴走する2人の愛欲が行き着く先とは?,ヒューマンドラマ
Tokyo Tribe トーキョー・トライブ,近未来のトーキョーでは、様々なトライブ (族) が自分達の縄張りを守っていた。ある事件をきっかけにトライブ間の争いは激化し、ついに壮絶バトル勃発! ,国内アクション・アドベンチャー
リトル・フォレスト,都会になじめず田舎に戻ってきたいち子は、自給自足に近い生活を始める。畑仕事をしたり、野や山で採れた季節のものを材料にして食事を作り、人生を見つめ直す。,ヒューマンドラマ
さよなら歌舞伎町,新宿・歌舞伎町のラブホテル。店長の徹と恋人の沙耶を軸に、掃除人、デリヘル嬢、AV女優、刑事、家出少女、風俗スカウトマンなど訳アリ男女が交錯する群像劇。,ヒューマンドラマ
ゲノムハザード　ある天才科学者の5日間,妻が何者かに殺され、自分も誘拐されかけた男。その脳裏に蘇ってきたのは、韓国人として生きていた自分の記憶だった…。,国内SF・ファンタジー
アオハライド,初恋の人を忘れられない女子高生・吉岡双葉。その彼が転校生として再び現れた時、恋は成就のチャンスを迎える。だが時の流れは彼を、そして彼女をも変えていた。,ティーン向け恋愛・ラブストーリー
海月姫,倉下月海が暮らす古びたアパートはオタク女子たちの聖地。だが女装美男子と童貞エリートが現れ、さらに再開発話まで持ち上がり、聖地に危機が訪れる。,ヒューマンドラマ
うわこい,ユキテルとユノは皆も認める完璧カップル。そこへ転校してきた不思議な魅力の女の子、レナ。大胆にもユキテルを奪おうとする。男の欲望もからんで恋は複雑に…。,官能的なラブロマンス
青天の霹靂,何をやっても上手くいかず人生を諦めかけていた売れないマジシャンの晴夫。突然40年前にタイムスリップし、若き日の父母に出会い、出生の秘密が明らかに...。,国内SF・ファンタジー
新・極道の紋章,美濃部頼三は美濃部組組長の三男として生まれるも、堅気として生きている。だが、美濃部組の敵対組織が家族に牙をむいた時、頼三に流れる極道の血が目を覚ます。,国内任侠映画
ガールズ&パンツァー これが本当のアンツィオ戦です!,大洗女子学園とアンツィオ高校の戦いの裏にあった知られざるエピソード。そこには敵の秘密兵器の正体を暴くため、アンツィオ高校に潜入する優花里がいた。,国内アクション・アドベンチャー
キカイダー Reboot,平和利用のために政府が推進するロボット開発プロジェクト。その中心人物だった光明寺博士が不慮の死を遂げ、遺された子供達を守るためキカイダーが立ち上がる。,国内SF・ファンタジー
日本やくざ抗争史,白竜、小沢仁志といった伝説の役者陣を迎えたヤクザドラマ。ヤクザ社会に勇名をはせる極道たちが、野望と利権獲得のために壮絶な抗争を繰り広げる。,国内アクション・アドベンチャー
劇場版 稲川怪談 かたりべ,怪談で有名な稲川淳二。本人が語る怪談の再現ドラマ撮影中に、彼と出演者、そしてスタッフの身に本物の怪奇現象が次々と襲いかかる。その真相とは...!?,ホラー
欲動,夫婦でバリを訪れるも、重病を患う夫は不安と苛立ちを隠せない。死の淵にある夫とのわだかまりを抱え、妻は独りで異国をさまよう。葛藤の中、女心は揺れ動く。,ロマンチックなヒューマンドラマ
おやじ男優Ｚ,"借金、離婚と不幸続きの男はバイトでしのぐ生活だが、ある日""汁男優""なる仕事を見つける。最下層のAV男優達との奇妙な共同生活。そこになぜか女優も加わり…。",コメディ
小さいおうち,小さな家の奥様と青年の間に芽生えた密やかな恋。それは、奥様と女中だけの秘密。時は過ぎ、晩年を迎えた女中が綴った回顧録には、当時の記憶が記されていた。,日本アカデミー賞受賞映画
アラグレII ROPPONGI V.S. SHIBUYA,所属するヤンキーグループが地下格闘技イベントを共催することに。選手代役を任された星哉だが、六本木VS渋谷の全面戦争に発展するきっかけを作ってしまう。,国内アクション・アドベンチャー
リベンジポルノ,女優を目指す女と小説家志望の男がSNSで出会い、恋をする。だが手軽な恋の代償は大き過ぎた...! インターネット社会の歪んだ性愛と危険性を描く作品。,ヒューマンドラマ
ゴッドタン キス我慢選手権 THE MOVIE 2 サイキック・ラブ,スポーツも勉強もできる高校生川島省吾が新たな決戦に挑む。謎の人物が支配する世界に巻き込まれた彼はセクシー美女集団の誘惑に打ち勝ち、キスを我慢できるか。,国内バラエティ・お笑い
スイートプールサイド,"男子なのに毛が生えないことに悩む高校1年生・太田と、同じ水泳部の毛深い女子・後藤綾子。""毛""にまつわる悩みを抱えた2人の姿をコミカルに描いた青春映画。",スポーツをテーマにしたヒューマンドラマ
そこのみにて光輝く,罪悪感を抱え、迷いながら生きる若者が、知り合った青年の姉に心惹かれていく。2人は距離を縮めていくが、ある日彼女の衝撃的な事実が明らかになる。,インディーズ映画
日々ロック,ヘタレロッカー・日々沼拓郎が、デジタル系トップアイドルから、曲を書いてほしいと依頼を受ける。ロックバカと見た目によらず凶暴なトップアイドルの運命は!?,ヒューマンドラマ
私の男,孤児の少女が愛した相手、それは自分を育てた遠縁の男だった。孤独な2人は寄り添うように暮らしていた。互いに深い喪失と、2人だけの濃密な秘密を抱えて…。,ヒューマンドラマ
わたしのハワイの歩きかた,ハードな編集者生活。友人の結婚をきっかけに一念発起。ガイド本は編集したけど、実は未経験のハワイへ乗り込むぞ! そこには新しい出会いと人生が待っていた。,コメディ
滝を見にいく,幻の滝を見にいく紅葉ツアーに7人のおばちゃんが参加。自然を楽しみながら山道を進むうち、ガイドが姿を消し、7人はいきなりサバイバル生活に放り出される。,インディーズ映画
0.5ミリ,"ある事件に巻き込まれ、家も仕事も失った介護ヘルパーのサワ。彼女は生活のため、訳アリの老人たちを見つけてはその生活に入り込む、""押しかけヘルパー""になる。",ヒューマンドラマ
映画 ハピネスチャージプリキュア! 人形の国のバレリーナ,"愛乃めぐみたちが保育園で人形劇を披露していると、人形がしゃべり出す。バレリーナ人形に王国を救ってほしいと頼まれ、人形たちの楽園""ドール王国""を訪れる。",アニメ
ゆるゆり　なちゅやちゅみ!,七森中ごらく部、キャンプに出発! せっかくの夏休みなんだから、思いっきり楽しまないと! 生徒会のみんなも誘って、楽しい思い出いっぱい作っちゃおう!,コメディ・ギャグアニメ
映画 プリキュアオールスターズ NewStage3 永遠のともだち,新しいプリキュアのめぐみとひめを探して、マナたちのもとへ妖精学校のグレルとエンエンがやってくる。ところが、子供たちが眠り続ける謎の事件が発生し...。,アニメ
キャプテンハーロック ～Space Pirate Captain Harlock～,大戦中の英雄だった広域指名手配犯、宇宙海賊キャプテンハーロック。地球に隠された真実を闇に葬ろうとする政府に反旗を翻し、人類の未来を切り開く戦いに挑む!,日本アカデミー賞受賞映画
攻殻機動隊ARISE,A.D. 2027。陸軍所属のサイボーグ、草薙素子が出会ったのは、ある事件を追う1人の男。のちに公安9課を構成する精鋭たちの、知られざる物語が始まる。,国内SF・ファンタジー
ドラゴンボールZ 神と神,"はかいの神、ビルスが長いねむりから目覚め、強い戦士を求めて地球にやって来た。この異次元の強敵を止められるのは、伝説の戦士""超サイヤ人ゴッド""しかいない!",国内アクション・アドベンチャー
日本統一シリーズ,地元ヤクザを解散に追い込み、シノギを奪おうと企む横浜の不良、氷室と田村。怖いもの知らずの2人は極道社会でのし上がり、敵だらけのいばらの道を歩んでゆく。,国内任侠映画
凶悪,元ヤクザ組員の死刑囚から未解決の殺人事件3件の真相を告白された雑誌記者が、凶悪殺人事件の真の首謀者の存在を世に暴くべく、事件にのめり込んでいく...。,ヒューマンドラマ
劇場版 STEINS;GATE 負荷領域のデジャヴ,大学生の岡部と仲間達は偶然、過去に送信できるメール「Dメール」を発明する。だが何度過去を改変しても仲間の死が訪れる。残酷な未来に絶望した岡部は…。,ビデオゲームが原作のアニメ
藁の楯 わらのたて,選ばれた5人の警察官の使命はばく大な懸賞金のかかった凶悪犯の護送。福岡から東京までの道中、日本全国から賞金目当ての人間が、彼を仕留めに現れる。,国内アクション・アドベンチャー
ベルセルク 黄金時代篇 III 降臨,鷹の団とガッツは1年のときを経て再び結集。幽閉されていたグリフィスを救出するが、ゴッド・ハンドが降臨して、それぞれの運命は壮絶なエンディングを迎える。,主人公最強アニメ
ゴールデンタイム,好景気に湧く1980年代の日本で、廃品置き場に捨てられてしまった60年代製のテレビ。捨てられた悲しい現実を受け入れられないテレビは、脱出を試みるが…。,国内SF・ファンタジー
ソードアート・オンライン Extra Edition,新しい物語を交えつつこれまでの内容を振り返る総集編。クジラが見たいというユイのため泳ぎの特訓をした直葉は、満を持して水中クエストに挑むが…。,主人公最強アニメ
ユダ,少女は過去と決別し、夜の世界に飛び込む。No. 1キャバクラ嬢にのし上がっても、心には深い孤独と怖れが。欲望の世界を走り続ける彼女が行き着く先とは?,実話に基づくヒューマンドラマ
東京闇虫,ギャンブルで多重債務者となった青年が、怪しげな仕事に手を出しつつ、どん底から這い上がろうとする姿を追う。人気コミックを実写化した異色のダークドラマ。,ヒューマンドラマ
ガッチャマン,謎の侵略者によって、わずか17日間で地球の半分を制圧され、絶滅を待つしかない状態となった世界。人々は人類存続をかけて、最後の望みを科学忍者隊にたくす。,国内SF・ファンタジー
不安の種,ある不気味な街に引っ越した一家を迎えたのは、この世のものとは思えない体験だった。身の毛もよだつ数々の怪異現象の謎とは...。漫画原作の衝撃ホラー映画。,漫画が原作の国内映画
リトルウィッチアカデミア,伝統ある魔法学校に入学したアッコ。新風を吹き込みたいけど、周りからは理解されない。そこへ、眠れる竜が復活する危機が! 立ち向かえるのはアッコだけ?,国内SF・ファンタジー
花鳥籠,かつて義父から性的虐待を受けたトラウマで男性不信になってしまったOLの寧子。唯一の慰めは、文字だけの会話で行われるネット上のバーチャルセックスだった。,ヒューマンドラマ
さよなら渓谷,長閑な町で幼児殺害事件が発生。実母が犯人として逮捕され、衝撃の事件は終息するかに見えたが、予期せぬ共犯者の存在が浮上、事件は新たな展開を見せ始める。,日本アカデミー賞受賞映画
舟を編む,出版社の営業部員・馬締(まじめ)は言語センスを買われて辞書編集部に異動することに。国語辞典「大渡海」の刊行に向け、馬締は編集作業に没頭していく。,日本アカデミー賞受賞映画
よくわかる! 陸上自衛隊 ～陸の王者! 日本を守る戦車の歴史～,日本領土の国防を任務とする陸上自衛隊。世界でもトップクラスを誇る戦車3種の性能を徹底比較し、貴重な映像を公開しながら設立から現在までの歴史を振り返る。,ドキュメンタリー
カルト,心霊番組のレポーターを務めるあびる優、岩佐真悠子、入来茉里。3人は母娘の除霊を取材するが、訪れた先で予測不能の恐怖体験に遭遇。果たして無事帰れるか。,インディーズ映画
捨てがたき人々,金もない怠け者の男を、誰もが怪訝そうな顔で見る。生きている証を快楽に求める男は、唯一笑顔で接してくれた京子と関係を持ち、なし崩しに家族となるが...。,ヒューマンドラマ
タイトロープ　〜アウトサイダーという生き方〜,不良少年に更生の道とプロデビューのチャンスを与えるアマチュア総合格闘技大会、THE OUTSIDER。この大会にかかわる男たちに迫ったドキュメンタリー。,国内ドキュメンタリー
ゴッドタン キス我慢選手権 THE MOVIE,24時間キスを我慢できたら勝ち、というルールを課せられたお笑い芸人。刺客やゾンビに追われながら、セクシー美女軍団の誘惑と懸命に戦うその姿は大爆笑必至。,コメディ
サカサマのパテマ,アイガ君主国の少年エイジはある日空を見上げ地下世界の「サカサマの少女」パテマに偶然出会う。それは封じられた「真逆の世界」の謎を解く、禁断の事件だった。,国内SF・ファンタジー
謝罪の王様,"""謝罪師""を生業とする黒島と助手の典子。ユニークな依頼人たちから舞い込む大小さまざまな事件を、謝罪のテクニックを駆使して見事解決に導いていく。",コメディ
よくわかる! 航空自衛隊 ～緊急発進! 日本を守る戦闘機～,日本の空を日々守る英雄、航空自衛隊。レーダーによる絶え間ない監視から緊急発進(スクランブル)の実施まで、普段は知ることのない防空任務の実像を垣間見る。,ドキュメンタリー
武士の献立,料理の腕が良い春が加賀藩台所方として有名な一家に嫁いだ。だが肝心の夫は一切料理ができない。このままでは家の評判は地に落ちてしまうと思った春は…。,実話に基づくヒューマンドラマ
しまじろうとフフのだいぼうけん 〜すくえ! 七色の花〜,島の花が次々と枯れて行くという謎の現象が起こる。しまじろうと友達は花の姫フフと出会い、フフのお母さんの救出のため大冒険を繰り広げる。,キッズ音楽
よくわかる! 海上自衛隊 ～海上防衛! 護衛艦～,"海上自衛隊。それは日本の周辺海域の安全を守るヒーロー達。任務の中心となる護衛艦隊をはじめ、最新の""ひゅうが""や""あきづき""など護衛艦の全貌を紹介する。",ドキュメンタリー
潔く柔く きよくやわく,大切な幼なじみを亡くして以来、恋ができないまま年を重ねるカンナ。ある日出会った男性・禄(ろく)にもまた辛い過去があると知り、次第に心が動かされていく。,漫画が原作の国内映画
すべては君に逢えたから,クリスマス直前の東京駅周辺。1日の利用者数が100万人を超えるメガステーションを背景に、10人の男女が織りなす6つのストーリーが交錯していく。,泣けるラブロマンス
甘い鞭,高校時代、隣家の男に監禁され弄ばれた末、男を殺害。凄絶なトラウマを抱えた奈緒子は、やがて不妊治療専門の美人女医に。そしてSMクラブM嬢という夜の顏も。,ホラー
風俗行ったら人生変わったwww,29歳の内気で奥手な童貞の男が風俗嬢に恋をする。彼女の数々の男性関係に嫉妬を覚えた彼は、自分が彼女にとって唯一の男になると決意する。,コメディ
フィギュアなあなた,麻薬取引を巡るいざこざに巻き込まれ、追われる身となった一匹狼の男。絶体絶命のピンチから救ってくれたのは、なんと生きたマネキンだった?!,国内SF・ファンタジー
横道世之介,不器用だが思いやり溢れる性格で誰からも好かれていた大学生、世之介。彼と過ごした日々の思い出は、16年後の今も友人たちの心に深く刻み込まれていた...。,ヒューマンドラマ
劇場版とある魔術の禁書目録エンデュミオンの奇蹟,"学園都市製宇宙エレベーター""エンデュミオン""の完成を控えたある日。上条当麻とインデックスが仲良くなった少女・鳴護アリサが、突如、魔術サイドから襲われる。",国内SF・ファンタジー
ハダカの美奈子 R-18,壮絶な過去を持つシングルマザーの運命を変えた出会い…。TVをにぎわす有名人の妻となった彼女を待っていたのは、これまでよりさらに波瀾万丈な生活だった。,実話に基づくヒューマンドラマ
アラグレ,"チンピラたちの弟分として生きる星哉は、かつて属していた""東京∞(むげん)""の元総長が出所した際に起きたある事件への関わりを疑われ、窮地に立たされる。",国内アクション・アドベンチャー
R-18 文学賞 vol.2 ジェリー・フィッシュ,夕紀は、クラスで浮いた存在の女子高生。ある日、同級生の叶子と唇を重ね、2人は次第に惹かれ合う。だが、叶子は突然彼氏を作り、夕紀の心は激しく乱れてゆく。,LGBTQを描いたヒューマンドラマ
映画 プリキュアオールスターズNew Stage 2 こころのともだち,妖精学校からパーティに招待されて大喜びのプリキュアたちだが、怪しい影に変身アイテムを盗まれて大ピンチ。影から学校や妖精を救うためプリキュアが総動員。,アニメ
うそつきパラドクス,"遠距離恋愛中で会えない彼の替わりに、""うその恋人""にしてほしいと会社の同僚に申し出た男。だが、うそから始まった2人の関係は、次第にエスカレートしていく。",官能的なラブロマンス
映画かいけつゾロリ まもるぜ! きょうりゅうのたまご,"仲良しのきょうりゅうのママが住む南の島""おっとっ島""。はげしい台風で海に放り出されたたまごを取りもどすため、大あれの海にとびこむゾロリたち...!",キッズアニメ
映画 ドキドキ!プリキュア マナ結婚!!? 未来につなぐ希望のドレス,祖母と母が着たウエディングドレスをもらったマナは、そのドレスを着る日に思いを馳せ胸をときめかせる。しかし、謎の男が出現し、過去の世界に飛ばされてしまう。,アニメ
ぼっちゃん,劣等感を抱いた孤独な男、梶。工場で働き始めて期間工と意気投合するが、予期せぬ解雇や親友の裏切り、叶わぬ恋が、梶を追い込む。そして梶は秋葉原へ向かう。,ブルーリボン賞受賞映画
高速ばぁば,アイドル3人組・ジャージガールは番組のレポーターとして廃墟の老人ホームを訪問。凄まじい速さで移動する老婆に遭遇した日を境に、次々と異変が起こり始める。,インディーズ映画
桜姫,ある夜押し入った盗賊に体を奪われた桜姫。その男のことがどうしても忘れられず、すべてを捨てて遊女となった姫は運命の男との再会を待ちわびるが…。,歴史・時代劇
闇金ウシジマくん,母親の借金のせいでモラルや目標を見失う女と、金と成功に目が眩んだチャラ男。冷酷無比な伝説の闇金ウシジマの壮絶な取り立てに追われる2人の若者の運命は…。,ヒューマンドラマ
ONE PIECE FILM Z,全海賊抹殺を企む元海軍大将ゼットが、古代兵器に匹敵すると言われる巨大なエネルギーを持つダイナ岩を強奪。ルフィたちは傷ついたゼットを偶然助けるが...。,日本アカデミー賞受賞映画
るろうに剣心,動乱の幕末で最強の暗殺者と恐れられていた緋村剣心。もう人を殺さないと誓いを立てた剣心は斬れない刀を携え、人助けをしながら流浪の旅を続けていたのだが...。,国内アクション・アドベンチャー
ベルセルク 黄金時代篇 I 覇王の卵,"戦地を渡り歩く孤高の剣士ガッツは、傭兵集団""鷹の団""のリーダー、グリフィスに見出され団の一員に。数々の死線をくぐり抜ける中で、仲間との絆を深めていく。",主人公最強アニメ
悪の教典,絶大な人気を誇る高校教師の蓮実だが、その真の姿は問題解決の手段を選ばないサイコパス。彼が考えた究極の解決策は、クラスの生徒全員を惨殺することだった。,ホラー
劇場版 魔法少女 まどかマギカ [後編]永遠の物語,願いから生まれる魔法少女の物語が再び、新たな物語としてつむがれる。 ＴＶシリーズを再構成した劇場版2作。 「さあ、鹿目まどか――その魂を代価にして、君は何を願う？」,国内SF・ファンタジー
ヘルタースケルター,芸能界のトップスターりりこ。全身整形で完璧な美貌を手に入れたが、今では後遺症に苛まれ、熾烈なトップ争いの中で頂点から転落する恐怖に追い詰められていた…。,ヒューマンドラマ
奴隷市,"老舗の温泉旅館を切り盛りする夫婦が、SM愛好家の出会いの場である""奴隷市""をきっかけに怪しい欲望に目覚め、禁断の快楽の虜となっていく。",ヒューマンドラマ
私の奴隷になりなさい ディレクターズ・カット（R-18）,どこか艶めかしい先輩からの、突然の甘い誘い。禁断の果実の味に導かれるまま、男は彼女の秘められし本性を知る。翻弄される男の行き着く先は、果たして…。,ヒューマンドラマ
外事警察 その男に騙されるな,国際テロを未然に防ぐ組織である外事警察に、朝鮮半島からの濃縮ウラン流出情報と、軍事機密データ盗難の知らせが届く。はたして核の脅威を阻止できるのか?,ヒューマンドラマ
劇場版 魔法少女 まどかマギカ [前編]始まりの物語,願いから生まれる魔法少女の物語が再び、新たな物語としてつむがれる。 ＴＶシリーズを再構成した劇場版2作。 「さあ、鹿目まどか――その魂を代価にして、君は何を願う？」,国内SF・ファンタジー
劇場版 FAIRY TAIL －鳳凰の巫女－,魔導士のナツと仲間達の前に立ちはだかる、永遠の命を手に入れようとする王子の邪悪な陰謀と、かつてない強大な敵。古の封印が解かれし時、世界は炎に包まれる!,主人公最強アニメ
壇蜜と僕たち ～映画「私の奴隷になりなさい」より～,妖艶な魅力でブレイク中の壇蜜がヒロインを熱演する「私の奴隷になりなさい」の撮影現場に完全密着。未公開シーンや他では見られない貴重な映像も収録。,ショービジネスの世界を描いたドキュメンタリー
ベルセルク 黄金時代篇 II ドルドレイ攻略,"グリフィス率いる""鷹の団""は、次々と勝利を収める。しかし、敵国チューダー帝国との100年戦争で苦戦したミッドランド王国は、鷹の団に無謀な命令を下す。",主人公最強アニメ
トリハダ －劇場版－,上司と密かに不倫を続けるコールセンターのオペレーター。陰湿な苦情を頻繁に入れてくる客が実は隣人だと知ったとき、彼女の人生は音を立てて崩れ始める。,ホラー
宇宙兄弟,UFOを目撃し宇宙飛行士になろうと誓い合った兄弟。その19年後、弟は優れた宇宙飛行士に。一方、無職で鬱屈した日々を送っていた兄だが...。,ヒューマンドラマ
すべては「裸になる」から始まって,18歳でデビューしAVクイーンの座に就いた森下くるみ。引退後、生い立ちや撮影現場の様子を赤裸々に綴った自伝的小説を出版した彼女に、映画化の話が持ち上がる。,実話に基づくヒューマンドラマ
鍵泥棒のメソッド,売れない役者が偶然手に入れた鍵。その持ち主はなんと記憶喪失の殺し屋だった。2人の人生が入れ替わったとき、悲劇、いや、喜劇が始まる!,日本アカデミー賞受賞映画
大奥 〜永遠〜［右衛門佐・綱吉篇］,男女逆転異色時代劇シリーズ最終章。栄華を誇る徳川幕府は女将軍綱吉に3000人の美男子が仕える大奥だった。娘を亡くした綱吉は世継ぎ作りに専念することに。,歴史・時代劇
莫逆家族 バクギャクファミーリア,"かつて暴走族のトップだった男は鬱屈した毎日を送っていた。ある日、仲間の娘が暴行された事件をきっかけに、再び""家族""を結束させ、暴力の世界に身を投じる。",国内アクション・アドベンチャー
映画 ひみつのアッコちゃん,化粧品会社のエリート社員に恋心を抱く、大学生のアッコ。でも、アッコには誰にも言えない秘密が。彼女は、魔法のコンパクトで大人の女に変身した小学生だった!,ラブコメディ
ひまわりと子犬の七日間,7日間が過ぎれば、時間切れで処分されてしまう…。保健所職員の男が、生まれたばかりの子犬を守り、飼い主をさがすことを決意する。,実話に基づくヒューマンドラマ
しあわせのパン,東京から北海道・月浦に移り住み、小さなパンカフェを始めた若い夫婦。洞爺湖の四季の風景と、店を訪れる個性豊かな人々の人生を描く物語。,ヒューマンドラマ
アナザー Another,入院中に不思議な少女と出会った主人公の少年。学校で再会したその少女は、クラスメイトから見えていないも同然の扱いを受けていた。,ホラー
3.11東日本大震災 自衛隊災害派遣 絆 〜キズナノキオク〜,2011年3月11日の東北地方太平洋沖地震。巨大津波と原子力災害は未曾有の事態をもたらした。インタビューや記録映像とともに、自衛隊による救援活動を綴る。,ドキュメンタリー
劇場版 BLOOD-C The Last Dark,日本刀を手に異形のモノと戦う、人ならぬ少女・小夜。東京に君臨する怨敵・文人に復讐を遂げるべく、刃を血で染めてゆく。様々な思惑の中、決戦の時が訪れる。,国内アクション・アドベンチャー
ジョーカーゲーム,"和気あいあいとした高校生達の合宿で行われる、""ババヌキ""。だが、それは生き残りをかけた壮絶なゲーム。死の合宿で生き残れるのは、恐怖のゲームの勝者のみ。",ホラー
ウルトラマンサーガ,"ほとんどの生物が姿を消した""フューチャーアース""に残された者たちを救え! 時空を超えて駆けつけたダイナ、ゼロ、コスモスが今、力を合わせて立ち上がる。",キッズ・ファミリー映画
アフロ田中,強烈な天パが目を引く広はさっぱりモテない。ある日、昔からの仲間が婚約。式には彼女を同伴するという男同士の約束があった!,ヒューマンドラマ
虹色ほたる～永遠の夏休み～,亡き父との思い出の場所を訪れた小学生のユウタは、ひょんなことから30年以上前にダムに沈んだ村へタイムスリップ。決して忘れられない不思議な夏休みが始まる。,国内SF・ファンタジー
映画 プリキュアオールスターズ NewStage みらいのともだち,みなとみらいが謎の怪物・フュージョンを倒したプリキュアの話題に沸く中、転校生・あゆみは謎の生き物と出会う。だが、それはフュージョンのカケラだった!,アニメ
映画かいけつゾロリ だ･だ･だ･だいぼうけん!,お宝を手に入れようと訪れた山のふもとの村には、病気に苦しむたくさんの子どもたちが! ゾロリはあることを目的に、薬に必要な材料を危険な山へ探しに行く。,キッズアニメ
映画 Go!プリンセスプリキュア Go!Go!!豪華３本立て!!!,ハロウィーンをテーマにした史上初の豪華3本立て。マジカルな国を舞台に、お姫様を救ったり、夜の闇から昼を取り戻したり、プリキュアたちが冒険を繰り広げる。,キッズアニメ
映画 スマイルプリキュア! 絵本の中はみんなチグハグ!,世界中の絵本が集まるイベントにやってきた5人のプリキュア。そこで出会った不思議な女の子・ニコちゃんに連れられ、不思議なおとぎ話の世界に入り込む。,アニメ
映画 鈴木先生,国語教師の鈴木は独自の教育理論を実践する理想的なクラスの実現を目指すが、中心的役割を担う1人の女子生徒に心を奪われてしまい、次第に計画が狂い始める。,ヒューマンドラマ
王様とボク,事故に遭い、ずっと眠っていたかつての親友が目を覚ました事を知るミキヒコ。12年ぶりに再会した友は、身体こそ青年に成長したものの、心は6歳のままだった。,ヒューマンドラマ
モテキ,"モテない草食系男子なニュースサイトのライター・藤本幸世に突然訪れた奇跡の""モテキ""。4人の美女に翻弄されて、幸世は本当の恋愛にたどりつけるのか?",ラブコメディ
我々は有吉を訴えるべきかどうか迷っている,"お笑い芸人・有吉弘行が、過去2度の""人でなし""ぶりを反省し、3度目の正直としてヒッチハイクに挑む。北海道を舞台にかつてない衝撃の展開が我々を襲う!",国内バラエティ・お笑い
岳 －ガク－,山岳救助ボランティアの島崎三歩は見習いの椎名久美と共に、北アルプスで遭難者の救助活動に従事していた。そんなある日、猛吹雪の中で多重遭難事故が発生する。,国内アクション・アドベンチャー
恋の罪,ラブホテル街で発生した猟奇殺人事件。担当の女刑事がたどり着いたのは、秘密を抱えたエリート助教授と献身的な主婦...。女達をめぐる愛の地獄が始まる。,ヒューマンドラマ
パラダイス・キス,受験勉強に追われる女子高生が、服飾専門学校生から学園祭のモデルにスカウトされる。最初は戸惑うが、夢を追う個性的な仲間と出会い、自ら歩む道を模索し始める。,ティーン向け恋愛・ラブストーリー
トリコ 開幕! グルメアドベンチャー!!,伝説の美食屋・トリコは、村を襲う怪鳥ゲロルドの退治を少年から頼まれた。未開の味を求め、願いを聞き入れるトリコ。食うか食われるか、グルメバトルが始まる!,キッズアニメ
ワイルド7,日本の国家警察が極秘で出動させたライダー集団。メンバーは全員、元凶悪犯。そのミッション、政界にコネを持つ大物犯罪者の粛正。アウトローな彼らが悪を討つ!,国内アクション・アドベンチャー
スマグラー おまえの未来を運べ,役者への夢に挫折したフリーター・砧が借金返済のために引き受けた仕事は、なんと死体を運ぶ運送屋だった。さらに真夜中に伝説の殺し屋を運ぶことになり...。,国内アクション・アドベンチャー
ヒミズ,両親に見捨てられ、絶望の中を生きる15歳の少年・住田と少女・景子。東日本大震災の被災地を舞台に、普通の生活を切望する2人の苦悩と葛藤を描く衝撃作。,日本アカデミー賞受賞映画
うさぎドロップ,独身サラリーマンのダイキチは、死んだ祖父の隠し子だという6歳の女の子を引き取ることに。突然同居し始めた2人が、本当の家族のような絆で結ばれていく。,ヒューマンドラマ
忍たま乱太郎,忍術学園に入学するも授業では落ちこぼれの乱太郎。暗殺者に狙われている友達とその父親を救うために立ち上がるが、前途にはさまざまな試練が待ち受けていた。,ヒューマンドラマ
阪急電車 片道15分の奇跡,片道15分の阪急今津線の車内で、様々な事情を抱えた乗客たちの運命が交錯したとき、小さな心温まる奇跡が起きる。,ロマンチックなヒューマンドラマ
阿部定 ～最後の七日間～,"昭和11年、日本中を震撼させた""阿部定事件""。愛人・吉蔵殺害の罪で逮捕された娼婦・定の証言を基に、事件の真相が語られる。定は本当に吉蔵を殺したのか?",実話に基づくヒューマンドラマ
高校デビュー,"中学で部活一筋だった晴菜は高校生活を恋に捧げようと決意。だが半年経っても彼氏ができない。そこで校内イチ人気の先輩に""モテコーチ""を依頼することに...。",ティーン向け恋愛・ラブストーリー
漫才ギャング,漫才コンビの相方から解散を告げられた飛夫はトラブルに巻き込まれ、留置所へ。そこで出会った不良少年、龍平のツッコミの才能に気づき、コンビ結成を申し込む。,アクションコメディ
八日目の蝉,赤ん坊の頃に誘拐され、4歳まで誘拐犯に育てられた恵里菜。自分が新たな命を宿していることを知った恵里菜は、封印していた過去の記憶と向き合う決意をする。,日本アカデミー賞受賞映画
夜明けの街で,幸せな結婚生活を送りながら部下と不倫の恋に落ちた男。逢瀬を重ねるごとに深みにはまっていく男だったが、彼女の過去には黒い秘密があった…。,ヒューマンドラマ
ワンピース 麦わらチェイス,ルフィの命よりも大切な麦わら帽子がこつ然と消える。血眼になって探すうち、麦わら帽子をくわえた大ワシを発見。一方チョッパーは漂流船から老海賊を救出する。,国内アクション・アドベンチャー
静かなるドン 新章3 頂上決戦!! 鮮血の大阪抗争編,ランジェリー・デザイナーと、関東最大の暴力団総長としての二重生活を送る近藤静也。そんなある日、関西最大の鬼州組組長が、静也の元に乗り込んでくる。,国内アクション・アドベンチャー
静かなるドン 新章4 絶体絶命!! 怒りの五代目姐編,関東最大勢力・新鮮組の総長近藤静也が、関西最大勢力・鬼州組の組長に、杯をもらいたいと申し出る。それは、新鮮組が鬼州組の傘下に入ることを意味していた。,国内アクション・アドベンチャー
劇場版アニメ 忍たま乱太郎 忍術学園 全員出動! の段,学園側の手違いで6年生の宿題を与えられた喜三太はオーマガトキ城に向かうが、そこは戦の真っ最中だった。喜三太を救出するため、忍術学園の全員が出動する。,キッズアニメ
不倫純愛,出版社で編集長として働く京介は、妻を愛してはいるが結婚生活には行き詰まりを感じていた。そんな時、ある作家の自宅を訪れ、美しく妖艶な彼の恋人に心奪われる。,ヒューマンドラマ
セカンドバージン,子育てを終えたキャリアウーマンに訪れた久しぶりの恋。その相手は、年下の妻帯者だった。燃え上がる2人の純愛は、周囲を巻き込んだスキャンダルへと発展し…。,ヒューマンドラマ
映画 プリキュアオールスターズDX３ 未来にとどけ! 世界をつなぐ 虹色の花,巨大ショッピングモールへやって来た北条響と南野奏。ひょんなことからつぼみたちのファッションショーに乱入。すると、妖精たちが空から降ってきて...。,アニメ
七つまでは神のうち,10年前の事件で心を閉ざした女子高生が行方をくらます一方、7歳の娘が遊びに出たきり帰ってこず、精神が崩壊していく母。謎の連続失踪事件が示すものとは?,インディーズ映画
映画 スイートプリキュア とりもどせ!心がつなぐ奇跡のメロディ,ある日、音楽の国メイジャーランドから音楽がなくなってしまう。音楽が聞こえなくなってしまった世界で、プリキュアたちが音楽と平和を取り戻すため大奮闘。,アニメ
涼宮ハルヒの消失,クリスマスが間近に迫った冬のある日。キョンは後ろの席にいるはずのハルヒがいないことに気づく。さらに驚くべきに、その席に座っていたのは、なんと...!,国内SF・ファンタジー
冷たい熱帯魚,熱帯魚屋を営む主人公が、面倒見のいい同業者と知り合い親しくなる。その男が連続殺人犯だと気付くが、すでに取り返しのつかない状況に...。,ブルーリボン賞受賞映画
告白,「生徒に娘を殺された」という女教師の告白から始まり、登場人物たちの独白形式で構成される物語。虚実入り混じり、賛否両論、話題騒然となった衝撃作。,日本アカデミー賞受賞映画
君に届け,誰からも好かれる人気者の風早に特別な思いを抱く、内気な爽子。風早と友人達は自分に自信が無い爽子に手を差し伸べるが、爽子にとって恋愛は高いハードルで...。,ヒューマンドラマ
インシテミル ７日間のデス・ゲーム,高額報酬を提供する謎の実験に参加した10人。地下施設に囚われ、疑心暗鬼に陥る中、生き残りをかけた究極の心理ゲームが進行する。終局は誰にもわからない。,マインドゲームスリラー
劇場版 Fate/stay night UNLIMITED BLADE WORKS,"手にした者の願いを叶えるという""聖杯""を巡る壮絶な戦争に巻き込まれた高校生の衛宮士郎。7人の魔術師とその使い魔たちが繰り広げる過酷な戦いの行方は?",ビデオゲームが原作のアニメ
とある科学の超電磁砲OVA,ある日を境に、誰かの射るような視線を背中に感じ始めた超能力者の美琴。彼女がストレスを募らせる中、他にも同じように感じている生徒がいることが判明する。,主人公最強アニメ
劇場版TRICK 霊能力者バトルロイヤル,最強の霊能力者を決める戦いを巡り、小さな村へと駆り出された物理学者の上田。だが集結した霊能力者の中には、自称天才奇術師である奈緒子の姿もあり…。,ミステリー
白夜行,質屋殺し事件は容疑者死亡で一応解決するが、腑に落ちない刑事。その後成長した加害者の娘と被害者の息子の周辺で事件が起こり、意外な関係が姿を現し始める。,ヒューマンドラマ
二重被爆～語り部・山口彊の遺言,日本に投下された2度の原子爆弾に被爆した二重被爆者、山口彊(つとむ)。2010年に亡くなるまで核兵器廃絶を訴える活動家でもあった彼の人生の軌跡を辿る。,歴史ドキュメンタリー
猿ロック THE MOVIE,天才カギ師・サルは、美女の依頼で金庫を開ける事に。中には銀行から盗まれたトランクが! 取り出すと何故かヤクザに追われ、さらには警察からも指名手配に!?,アクションコメディ
桜田門外ノ変,幕末の世を大きく揺るがした、大老である井伊直弼の暗殺事件。襲撃部隊の指揮を執る水戸藩士の関鉄之介は己の使命を果たそうとし、時代の荒波に翻弄されてゆく。,国内時代劇
ソラニン,自由を求め会社を辞めた芽衣子と音楽の夢を追うフリーターの種田は、互いに寄り添って生きる。ある日種田は新曲「ソラニン」を完成させレコード会社に持ち込む。,インディーズ映画
ウルトラマンゼロ THE MOVIE 超決戦! ベリアル銀河帝国,"邪悪なウルトラマンベリアルが""銀河皇帝カイザーベリアル""として復活し、惑星エスメラルダを襲う。若きヒーロー・ウルトラマンゼロが、その野望に立ち向かう!",キッズ・ファミリー映画
劇場版 あたしンち「情熱のちょ～超能力♪ 母大暴走!」,"ある朝、カミナリの直撃を受けたタチバナ家の母が、超能力を手に入れる。人を助ける""エスパーママン""に変身したのはいいけれど、大変な事件を起こしてしまう。",コメディ・ギャグアニメ
イヴの時間 劇場版,彼らはあくまでも便利な家電。そう考えていた高校生のリクオが知ったのは、アンドロイドたちの秘密の空間。人間とロボット、その境界が少しずつ揺らぎ始める…。,国内SF・ファンタジー
彼岸島,行方不明の兄が生きていると知った高校生の明。仲間たちと共に彼岸島へと向かうが、そこは吸血鬼たちに支配されていた。逃げ道を断たれた明たちは絶体絶命に!?,ホラー
悪人,吉田修一の傑作を李相日監督が大胆に映画化。ある殺人事件に翻弄される男女の愛と引き裂かれる家族の姿を通じて、正義とはなにか、悪とはなにかを問いかける。,日本アカデミー賞受賞映画
nude,芸能人になりたい一心で、高校を卒業してすぐ上京したひろみ。夢を叶えるステップとして、AV出演を決断するが、そこには想像を絶する試練が待ち受けていた…。,実話に基づくヒューマンドラマ
映画 プリキュアオールスターズDX2 希望の光 レインボージュエルを守れ,つぼみとえりかの妖精のパートナーのコフレとシプレが姿を消す。机の上に残された謎の招待券を手がかりに、2人は海の上に浮かぶ遊園地・フェアリーパークへ向かう。,アニメ
瞬 またたき,"恋人と一緒にバイク事故に遭い、彼女だけが無傷で助かった理由。そこには想像を絶する事実と、2人の本能的な想いが生んだ衝撃の""愛のカタチ""があった。",泣けるラブロマンス
映画 プリキュアオールスターズDX みんなともだちっ 奇跡の全員大集合!,ダンスコンテストに出場するため会場に向かうプリキュアたちは、街を飲み込もうとする悪者に遭遇。みなとみらいを舞台に、プリキュアたちが総動員して強敵に挑む。,アニメ
映画 ハートキャッチプリキュア!花の都でファッションショー···ですか!?,ファッションショーに出るためパリにやってきたプリキュアたちは、満月の夜に狼男が現われるという噂を聞く。そんな中、傷だらけの少年が空から舞い降りてくる。,アニメ
ONE PIECE FILM STRONG WORLD,"世界政府の破滅を企み、東の海(イースト・ブルー)に現れた""金獅子のシキ""。次々と街を滅ぼし、ナミを連れ去り、ルフィたちを船から空飛ぶ島へと振り落とす。",日本アカデミー賞受賞映画
ドロップ,不良に憧れて私立の中学から公立中学校に転校したヒロシ。初日に極悪非道なカリスマ不良の達也にぶちのめされるが、口の上手さで不良グループの仲間入りを果たす。,アクションコメディ
我々は有吉を再び訴える 沖縄ﾋｯﾁﾊｲｸ殺人未遂事件の全真相,"”東北横断ヒッチハイク""での愚行・蛮行を反省したお笑い芸人・有吉弘行が再びヒッチハイクに挑戦。沖縄を舞台に稀代のペテン師・有吉の本性が明らかに...。",国内バラエティ・お笑い
大怪獣バトル ウルトラ銀河伝説 THE MOVIE,悪の戦士・ウルトラマンべリアルが、宇宙牢獄から脱出。光の国の太陽を強奪し、ウルトラ戦士達は大ピンチに。怪獣軍団を操るベリアルとの、大バトルが始まる!,キッズ・ファミリー映画
東のエデン 劇場版,滝沢と咲が友人らと共に日本を大惨事から救ってから半年。セレソン達が日本を救うため新たな戦いに挑む。セレソンゲームの最終局面が2部構成で描かれる。,国内SF・ファンタジー
静かなるドン 新章,女性用ランジェリー・メーカーで働く近藤静也。だが、実は、暴力団組長の一人息子だったため、父の死後、嫌々三代目組長を襲名し、二足のわらじを履くことになる。,国内アクション・アドベンチャー
鴨川ホルモー,"大学新入生の安倍が、うっかり入った怪しいサークル""京都青竜会""。そこは、""オニ""と呼ばれる式神を戦わせる謎のバトル、""ホルモー""を行うサークルだった!",国内SF・ファンタジー
Goemon,貧しき者を助ける伝説の大泥棒、石川五右衛門。ある盗品には、織田信長暗殺の真実が隠されていた。過去は再び動き出し、時代を巡る壮絶な物語が幕を開ける!,国内アクション・アドベンチャー
大洗にも星はふるなり,憧れのマドンナから胸ときめく手紙を受け取った5人。同じ手紙を手にした男達は、自分こそが本命とアピール合戦を始める。争いの果てに待つキセキの結末とは!?,ラブコメディ
完全なる飼育 メイド、for you,メイド喫茶の“苺ちゃん”を慕うマンガ喫茶の住み込み店長。ある日気絶した苺を店の個室に監禁する。初めは抵抗する苺も、献身的な愛に徐々に心を許し...。,ヒューマンドラマ
僕の初恋をキミに捧ぐ,心臓病を患う逞(たくま)は幼い頃、自分は20才まで生きられないことを知ってしまう。余命を知りながらも、主治医の娘・繭(まゆ)とひかれ合う気持ちに逆らえない。,泣けるラブロマンス
MW-ムウ-,一晩にして島民全員の命を奪った大惨事。政府が葬り去ったはずのこの事件の記憶は、2人の少年により受け継がれた。そして今、史上最悪の復讐劇が幕を開ける。,国内アクション・アドベンチャー
ハゲタカ,攻撃的なスタイルで敏腕ファンドマネージャーとして知られる男が、経営危機の一歩手前で企業を買収し、再建していく。,ヒューマンドラマ
天使の恋,いじめや援交に手を染める女子高生の理央は、手違いから大学教授の光輝と出会う。秘密を抱えつつも初めて人のことを好きになる理央。一方、光輝は…。,泣けるラブロマンス
静かなるドン 新章2,"昼はサラリーマン、夜は""新鮮組""総長という2つの顔を持つ近藤静也。ある日、ヤクは御法度の新鮮組のシマで、草加組のチンピラが覚醒剤を売る事件が起こる。",国内アクション・アドベンチャー
交響詩篇エウレカセブン ポケットが虹でいっぱい,幼なじみの少女エウレカが何者かに連れ去られてから8年。思わぬ場所で偶然の再会を果たした少年兵レントンは、何としてでもエウレカを救出しようとするが…。,国内SF・ファンタジー
マイマイ新子と千年の魔法,戦後、復興期にある日本の片田舎。祖父から聞いた千年前のにぎやかな都の様子に思いをはせる空想好きな少女は、東京から転校してきた大人しい少女と仲良くなる。,キッズ・ファミリー映画
九州激動の1520日 ～新・誠への道～,九州屈指の組織・雄仁会の代紋を掲げ、さらなる勢力拡大を続ける村富一家。だが予想以上の力の存在は、やがて代紋頭にとって目障りなものになっていく。,国内任侠映画
映画 フレッシュプリキュア! おもちゃの国は秘密がいっぱい!?,プリキュアたちがパジャマパーティーで盛り上がっていたある夜、町中からおもちゃが消える怪現象が起こる。どうやら世界征服を企むトイマジンのしわざらしい。,アニメ
テケテケ,"身の毛もよだつ""テケテケ""の恐怖! 下半身のない死体で見つかった学生や""テケテケ""の話題で持ち切りになる学校。血しぶきが飛び、3日後には誰かが...。",ホラー
風が強く吹いている,陸上から遠ざかっていた天才ランナーと、故障により道を閉ざされた元エリートランナー。2人の出会いが素人だらけの弱小陸上部を変えていく。目指すは箱根駅伝!,スポーツをテーマにしたヒューマンドラマ
おっぱいバレー,弱小男子バレー部の顧問になった新任教師の美香子。部員の士気を上げようとするうちに、試合に勝ったらおっぱいを見せるというあり得ない約束をさせられてしまう。,スポーツをテーマにしたヒューマンドラマ
ハルフウェイ,片思いの相手シュウから告白され、付き合い始めたヒロ。だがシュウは、遠く離れた東京の大学に進学を希望していて…。高校最後の恋は、思ったよりずっと切ない。,ティーン向け恋愛・ラブストーリー
60歳のラブレター,熟年離婚を決めた夫婦、男やもめとキャリアウーマンの恋、仲良し夫婦を襲った突然の悲劇。3組の男女の愛が紡ぎだす珠玉のラブストーリー。,泣けるラブロマンス
ちゃんと伝える,癌で余命短い父を励ます息子の史郎は、自身も癌で余命を宣告される。過酷な運命の中、残された時間をどう生きるか。大切な人への思いあふれる感動作。,ヒューマンドラマ
252 生存者あり,巨大台風が引き寄せた未曾有の高潮に飲み込まれた東京の街。地下鉄内に残る生存者たちが極限状態で生き抜く道を探る中、地上でも決死の救出活動が行われる。,国内アクション・アドベンチャー
蛇にピアス,満たされない心を抱える少女が、2人の男との出会いにより知った新たな世界。痛みに悦びを感じる少女はやがて男たちとの奇妙な三角関係に嵌っていくが...。,インディーズ映画
ぼくたちと駐在さんの７００日戦争,悪ガキたちの憂さ晴らしの標的は、熱心な駐在さん。悪知恵だけは働く少年たちと大人げない大人の、仁義なきいたずら戦争勃発! どこか甘酸っぱい青春コメディ!,ヒューマンドラマ
スカイ・クロラ　The Sky Crawlers,平和な時代、ショーとしての戦争で戦闘機に乗って戦う子供たち。司令官に恋をしたエースパイロットの少年は、自らが背負った悲しく切ない運命に翻弄される。,国内SF・ファンタジー
ワンピース エピソード オブ チョッパー プラス 冬に咲く、奇跡の桜,病に倒れたナミのため、ドラム王国にて医者を探すルフィたち。そこで医術を持ったトナカイ・チョッパーと出会うが、同時に旧王ワポルの総攻撃にあい...。,国内アクション・アドベンチャー
犬と私の10の約束,"母が教えてくれた10の約束を胸に子犬""ソックス""を飼い始めたあかり。うれしいことも悲しいことも共に乗り越えてきた少女と愛犬の絆を描く感動の物語。",ヒューマンドラマ
特命係長 只野仁 最後の劇場版,"窓際係長、只野仁の裏の顔は、トラブルを秘密裏に解決する""特命係長""。グラビアアイドル護衛の任務には、危険と陰謀の黒い渦が。史上最大の特命の行方は!?",アクションコメディ
西の魔女が死んだ,"中学に入り登校拒否になったまいは、森で暮らす英国人祖母、""西の魔女""のもとで過ごすことに。大自然の中、""魔女修行""を通してまいは元気を取り戻していく。",ヒューマンドラマ
百万円と苦虫女,鈴子は思わぬ事件に巻き込まれ、1人で生きると決心。100万円を貯める度に引っ越しを繰り返す。やがて、様々な出会いを経て自分だけの生き方を見つけてゆく。,ヒューマンドラマ
コドモのコドモ,小学校5年生の少女、春菜は幼なじみのヒロユキと興味本位で「くっつけっこ」という遊びを始める。性教育の授業の後、妊娠したのかもしれないと思い始める。,漫画が原作の国内映画
ハンサム・スーツ,心優しいブサイクが超ハンサム男に大変身! 料理も人柄も完璧だがブサイクな琢郎は着るだけでハンサムになれるスーツを手に入れる。ハートフルな夢と笑いの物語。,ヒューマンドラマ
愛のむきだし,神父である父との繋がりを「懺悔」で保つため罪作りに没入するユウ。いつの間にか絶妙な角度と早業で盗撮名人となる。ある日理想の女性に出会うが...。,ヒューマンドラマ
パコと魔法の絵本,偏屈な老人を絵に描いたような入院患者と、同じ絵本を読み続ける記憶障害の少女。病院の中で2人が出会ったとき、信じられない奇跡が起きる。,日本アカデミー賞受賞映画
トミカヒーロー レスキューフォース　爆裂MOVIE　～マッハトレインをレスキューせよ!～,世界を一周する夢の超特急マッハトレインが、ドクトル・マデゥを名乗る人物に乗っ取られた。大災害から人々を救うため、レスキューフォースの出動が要請される。,キッズ・ファミリー映画
フレフレ少女,野球部のエースに恋をして、廃部寸前の応援部に入部した桃子。熱意を認められいきなり団長に指名されるが、寄せ集め団員たちは筋金入りのへなちょこばかり。,スポーツをテーマにしたヒューマンドラマ
映画 Yes! プリキュア5GoGo! お菓子の国のハッピーバースディ,お菓子の国に招待され、お菓子を堪能するプリキュアたち。そこにプリキュアたちをお菓子にしてしまおうと企む悪者ビター&ドライ、ムシバーンが現れる。,アニメ
東京タワー　オカンとボクと、時々、オトン,イラストレーターとして才能はあるが、自堕落な生活を送る雅也(まさや)は母親にまるで頼りきり。やがて仕事がうまく回り始めるが、母親のガンが発覚してしまう。,日本アカデミー賞受賞映画
舞妓Haaaan!!!,熱狂的な舞妓ファンの男は、彼女と別れて意気揚々と京都へ転勤。捨てられた彼女は彼を見返そうと京都で舞妓になることを決意し、事態はややこしくなってゆく。,コメディ
トップをねらえ! &トップをねらえ2! 合体劇場版!!,人類が宇宙に進出するようになった未来。宇宙パイロットになることを夢見る少女ノリコとノノが、宇宙を舞台に、地球の敵である宇宙怪獣に立ち向かう。,国内SF・ファンタジー
ワンピース エピソード・オブ・アラバスタ 砂漠の王女と海賊たち,アラバスタ王国では悪の秘密結社が暗躍。諸悪の根源がクロコダイルだと知った王女・ビビと麦わら海賊団が、その陰謀から砂漠の国を守るべく立ち上がる。,国内アクション・アドベンチャー
マリと子犬の物語,大地震に襲われた一家は、愛犬を置いて避難することを余儀なくされる。一家と愛犬は、再会を果たせるのか? 新潟県中越地震で起きた出来事に基づく家族の物語。,実話に基づくヒューマンドラマ
ピアノの森,ピアニストを目指す修平は、転校早々に森の壊れたピアノを弾くようにガキ大将から命じられる。実は、そのピアノから美しい音を出せるのは同級生の海だけだった。,キッズ・ファミリー映画
茄子 スーツケースの渡り鳥,チーム「パオパオ・ビール」、今度の舞台は日本! マルコの自殺にショックを受け、引退を考えていたチョッチ。悲しみを胸に秘めながらジャパンカップに挑む。,スポーツアニメ
自虐の詩,子どもの頃から不運続きの幸江は、乱暴で酒飲み、ギャンブル狂のダメ亭主イサオに健気に尽くしていた。そんなある日、刑務所帰りの父親が幸江の前に現れる。,ヒューマンドラマ
魍魎の匣,"東京を震撼させる連続殺人事件、怪しい教団、謎の医学研究所。一見無関係な3つを結ぶ""ハコ""の秘密に、人の記憶を盗み見ることのできる探偵、刑事、作家らが挑む。",国内犯罪捜査
天然コケッコー,中学生のそよが通うのは、全校生徒たった6人の分校。ある日、かっこいい男子が東京から転校してくると、そよの胸は期待で弾み、やがてときめきで高鳴ってゆく。,ヒューマンドラマ
人のセックスを笑うな,美大に通う19歳のみるめは、20歳年上の講師ユリと恋に落ちる。ユリの肉体に夢中になっていくみるめ。だがユリは結婚していた…。,ティーン向け恋愛・ラブストーリー
アヒルと鴨のコインロッカー,大学生の椎名は、奇妙な隣人から本屋を襲う手伝いを持ち掛けられる。引っ越し初日、しかも初対面での怪しい話。全ては、どこか切ない隣人の過去に関わっていた。,ヒューマンドラマ
映画 Yes! プリキュア5 鏡の国のミラクル大冒険!,西洋風のテーマパークでお姫様気分を満喫するプリキュアたち。そこでココとナッツがさらわれ、助けに向かうプリキュアたちの前に、自分たちにそっくりな敵が出現。,アニメ
劇場版 CLANNAD -クラナド-,朋也は毎日を無気力に過ごし、高校生活を楽しめずにいた。病弱な少女、渚に出会うまでは…。演劇部の再建を目指す渚の懸命な姿に、朋也は次第に心ひかれてゆく。,ビデオゲームが原作のアニメ
象の背中,やり手のサラリーマンを突然襲った肺がんによる余命宣告。延命治療を拒否し、最期の日々を精一杯生きることを選んだ主人公は、自分の過去と向き合うことにする。,ヒューマンドラマ
攻殻機動隊 STAND ALONE COMPLEX Solid State Society,"世間を揺るがせた難民事件の後、謎の失踪を遂げた草薙。トグサが率いる新生公安9課は、""傀儡廻""と呼ばれる超ウィザード級ハッカーの脅威に立ち向かうことに。",国内SF・ファンタジー
白竜,"冷酷な目つきと類まれなる男気で、任侠の世界で一目置かれる1人の極道、通称""白竜""。親と慕う組長のため、信じた道を突き進む真のヤクザの生き様がここに。",国内アクション・アドベンチャー
機動戦士ΖガンダムIII -星の鼓動は愛-,「機動戦士Ζガンダム」の劇場化第3弾。地球圏の戦乱は、エゥーゴ、ティターンズを掌握したいシロッコ、そしてアクシズの三つどもえの死闘により混迷を極める。,国内SF・ファンタジー
フラガール,廃れて行く町の経済を活気づけようと、ハワイ風の温泉施設が計画される。そこで立ち上がった地元の少女たちも、ゼロからフラダンスを覚えることに。,日本アカデミー賞受賞映画
トリック劇場版2,霊能力者に連れ去られた幼馴染を救ってほしい。そんな依頼を受けた物理学者の上田は、自称天才奇術師の奈緒子を引き連れ、霊能力者が支配する島へと向かう。,ミステリー
さくらん,艶やかに煌めく吉原の遊郭で、少女は誰にも頼らず、真っ直ぐに自分を信じて吉原一の花魁へ駆け上がっていく。異彩を放つ彼女に、見受けの話が舞い込むのだが…。,歴史・時代劇
ワンピース THE MOVIE カラクリ城のメカ巨兵,お婆さんをメカ島へ送ったルフィたちは、島の領主、ラチェットと協力して宝を探すことに。ところがラチェットは、ルフィたちを利用したいだけだった。,国内アクション・アドベンチャー
手紙,殺人で服役中の兄を持つ直貴には夢も希望もあるが、兄の存在が足かせとなり何事も上手くいかない。守るべき存在を得た時、直貴が兄に宛てた手紙の内容とは…。,ヒューマンドラマ
オトシモノ,駅で落し物を拾った直後行方不明になった妹。その居場所を探す女子高生・奈々を待ち受けていたのは地下鉄に隠された恐ろしい秘密と1人の女性の怨念だった…。,ホラー
首領がゆくシリーズ,日本の首領(てっぺん)に立つ男になってやる。極道の世界で生きる男達が、頂点を目指し突き進む。哀川翔主演、任侠シリーズ全3話。真の侠がここにいる!,国内任侠映画
ただ、君を愛してる,誠人は大学で幼い容姿の個性的な女の子、静流と出会う。誠人に恋をした彼女は毎日のように一緒に写真撮影に出かけるが、彼には別に想いを寄せる同級生がいた。,泣けるラブロマンス
まじめにふまじめ かいけつゾロリ なぞのお宝大さくせん,悪いかいぞくに追われているカワイイ少女を助けたゾロリ。少女は、父の形見を手がかりに宝物を探していた。少女に一目ぼれしたゾロリは、宝探しを手伝うことに。,コメディ・ギャグアニメ
タイヨウのうた,病気のせいで太陽の光を避けながら生きる少女は、夜になると駅前でギターを弾いていた。そこで少女は、密かに思いを寄せる青年と知り合う。,泣けるラブロマンス
LOVEHOTELS ラヴホテルズ,男性の間で揺れるスズコ、不倫中のサクラ、セフレ持ちのサチ、恋愛拒絶症の愛。日本特有のラブホの世界を舞台に、女性4人のリアルな愛とセックスを描く群像劇。,ヒューマンドラマ
映画 ふたりはプリキュア Splash Star チクタク危機一髪!,"のど自慢大会にデュエットで出場を決めた咲と舞。当日咲が寝坊、何とか間に合うが歌詞をド忘れ。心の中で""時間よ止まれ!""と願うと本当に時間が止まり...。",アニメ
戦国自衛隊1549,実験中の事故により自衛隊の特別実験中隊が戦国時代にタイムスリップしてしまう。救出のため戦国時代に潜入した特殊部隊は、そこで思わぬ敵に行く手を阻まれ…?,国内SF・ファンタジー
亡国のイージス,東京湾沖で訓練中のイージス艦が外国の対日工作員に乗っ取られてしまう。政府の対応が遅れる中、先任伍長の仙石がテロリストの計画を阻止しようと立ち向かう。,国内アクション・アドベンチャー
劇場版 甲虫王者ムシキング,"""ムシキング""で世界一を目指す少年・ケントの前に、""ダークサイド・ネプチューンオオカブト""を操る少年・シローが現われて、究極のムシバトルが今、始まる!",ビデオゲームが原作のアニメ
ワンピース THE MOVIE オマツリ男爵と秘密の島,オマツリ島を訪れ、オマツリ男爵に出会ったルフィたち。リゾートを思いっきり楽しむ前に地獄の試練を乗り越えなければ、もてなしを受けられないと言われ...。,国内アクション・アドベンチャー
妖怪大戦争,妖怪を見ることができる特殊能力を持った都会育ちの弱虫少年・タダシ。世界征服を企む魔人の手から世界を守るため、日本全国の妖怪と力を合わせて大戦争に挑む!,国内SF・ファンタジー
機動戦士ΖガンダムII -恋人たち-,"連邦軍のエリート組織""ティターンズ""と、反地球連邦組織""エゥーゴ""の内戦は苛烈を極めていた。そんな中、旧ジオン軍の残党が公国の再興を目論み...。",国内SF・ファンタジー
隣人13号,引っ越しも仕事も、全ては幸せに暮らすかつてのいじめっ子に近づくため。積年の恨みを晴らす復讐計画、手を下すのはもう一人の自分。その狂気は、制御不可能。,ホラー
タッチ,野球に打ち込む双子の兄弟と、幼馴染みの少女。思春期を迎え互いを異性として意識し始めたとき、3人の関係が揺れ動く。青春ラブストーリーの金字塔を映画化。,泣けるラブロマンス
Strange Circus 奇妙なサーカス,小学生の少女は父から性的虐待を受け続け、それが近親相姦と自覚する事なく、心だけが壊れていく。母は娘に対して激しく嫉妬し、娘への虐待を繰り返すが...。,ヒューマンドラマ
龍が如く ～序章～ 実写版,児童擁護施設で育った桐生一馬はいかにして極道の道を選び、波乱の人生へと身を投じることになったのか。人気ゲーム「龍が如く」を実写化した始まりの物語。,国内任侠映画
劇場版 AIR,人形芸をしながら旅をする往人と、海辺の町で暮らす少女、観鈴。運命の出会いを果たした2人は、やがて恋に落ちてゆく。まるで、町に伝わる恋物語のように…。,ビデオゲームが原作のアニメ
僕と彼女の×××,恋した彼女と中身が入れ替わった!? おかしな機械が原因で大変な事になった高校生のあきらと菜々子。壊れた機械を修理すべく、お金を稼ぐことになり...。,ティーン向け恋愛・ラブストーリー
映画 ふたりはプリキュアMax Heart,"世界に希望のパワーを送り出す""希望の園""のダイヤモンドラインが、闇の世界の魔女に狙われる。希望の園を守るため、プリキュアたちは希望の園に向かう...。",アニメ
映画 ふたりはプリキュア Max Heart2 雪空のともだち,"なぎさたちとやって来たスキー場で、ひかりは不思議な卵を見つける。生まれてきたのは伝説の鳥""ほうおう""だったため、怪しい闇の世界の影が忍び寄ってくる。",アニメ
イノセンス,肉体の機械化が進み、人間と機械の境界が曖昧になった世界。少女型ロボットが、所有者の人間を惨殺する事件が発生。サイボーグの刑事が迫る、事件の真相とは…。,国内SF・ファンタジー
聖闘士星矢 天界編 序奏 ~overture~,冥界での死闘で力を失った星矢。神に抗った星矢の抹殺を命じる月の女神アルテミス。星矢の命を救うため、沙織はアテナの地位と地上世界の支配権を姉に譲り渡す。,国内SF・ファンタジー
いま、会いにゆきます,妻を亡くした男と幼い息子の前に、死んだはずの妻と瓜二つの女性が現れる。男は記憶をなくしている彼女を家に迎え入れ、一緒に暮らし始める。,国内SF・ファンタジー
機動戦士Ζガンダム -星を継ぐ者-,"高校生の少年が反抗心から、新型""ガンダムMk-II""を盗む。そして地球連邦軍のエリート部隊と、その支配に反発するレジスタンス組織の戦争に身を投じる。",国内SF・ファンタジー
スチームボーイ,発明一家に生まれた少年レイは、祖父ロイドから謎の金属ボールを託される。この球体こそ、国全体に必要な動力をまかなう程のエネルギーを持つ驚異の発明だった。,国内SF・ファンタジー
世界の中心で、愛をさけぶ,日本中が涙したミリオンセラー青春恋愛小説を独自解釈で映画化。婚約中のサクと律子は亜紀の死という高校時代の悲劇を乗り越え、未来への一歩を踏み出せるのか。,日本アカデミー賞受賞映画
ワンピース 呪われた聖剣,アスカ島の奥地へと入り、島に伝わる七星剣について知ったルフィたちは、裏切りや襲撃に直面する。さらに、剣に封じられていた妖力が復活しようとしていた。,国内アクション・アドベンチャー
パッチギ!,京都府立東高校の康介は、日頃から争い事の絶えない朝鮮高校空手部に親善試合を申し込む。そんな中、彼は音楽室でフルートを奏でていた少女に一目惚れし...。,日本アカデミー賞受賞映画
デビルマン,研究中に誤って覚醒されたデーモン。親友同士の高校生・明と了はデーモンに体を乗っ取られるが、明は強い意志により、半分人間半分悪魔のデビルマンとなる。,国内SF・ファンタジー
半落ち,アルツハイマー病を患う妻を殺したと現職警部が自首してきた。だが殺害から自首までの2日間の行動について、頑なに口を閉ざす。新聞記者は理由を調べ始めた。,日本アカデミー賞受賞映画
着信アリ,携帯電話に不気味な着信音がなり、本人の死を予告する謎のメッセージが入る。女子大生の由美を取り巻く友人たちに次々と呪いの着信が入り、恐怖が広がっていく。,ホラー
茄子 アンダルシアの夏,世界三大自転車レースの一つブエルタ・ア・エスパーニャで、ぺぺは勝利を目指し、ひたすら走り続ける。故郷の村を通り抜けるとき、様々な思いが心をよぎる…。,スポーツアニメ
ジョゼと虎と魚たち,大学生活を満喫する恒夫はある日、乳母車に乗せられた障碍者のくみ子に出会う。エキセントリックなくみ子の言動に戸惑いつつも、恒夫は彼女に惹かれていく。,ヒューマンドラマ
ワンピース THE MOVIE デッドエンドの冒険,"世紀の大レース、""デッドエンド""にエントリーするルフィたち。ガスバーデ将軍や海賊の懸賞金を狙うアナグマなど、そこには強力なライバルたちが参加していた。",国内アクション・アドベンチャー
映画 あたしンち,父・母・みかん・ユズヒコのタチバナ家では、相変わらず母のパワー炸裂。だが、それなりに平和だった毎日が、母とみかんの体が入れ替わって以来、大変なことに!,コメディ・ギャグアニメ
仮面ライダー555 パラダイス･ロスト,人類の大半がオルフェノクと化し、スマートブレイン社により支配された近未来。残された人類存続の望みは行方知らずの救世主、仮面ライダーファイズに託される。,キッズ・ファミリー映画
カウボーイビバップ　天国の扉,舞台は2071年、火星。タンクローリー車の炎上事故を引き金に、お馴染みの賞金稼ぎたちが今度はバイオテロ犯を追う。史上最高の懸賞金は俺らが貰ってやる!,国内SF・ファンタジー
呪怨 劇場版,老人介護のボランティアである家を訪れた女子大生。そこには、人ならぬものが数々とうごめいた。やがて人々は、次々と底なしの恐怖と戦慄に引きずり込まれる…。,ホラー
トリック劇場版,"災いが起こるとされる村で、人々の不安を取り除くため""神""を演じてほしいと頼まれた自称天才奇術師の奈緒子。だが村で待ち受けていたのは、数々の怪奇現象だった。",ミステリー
ピンポン,卓球が好きでたまらない天真爛漫で天才肌のペコと、卓球は暇つぶしと言うクールなスマイル。この星の1等賞になるのはどっちだ! 胸が熱くなる究極の青春映画!,日本アカデミー賞受賞映画
∀ガンダム I地球光 / II月光蝶,ムーンレィスの少年ロランは月の民と、地球に住む者たちとの間で戦争が起こることを恐れていたが、地球潜入中に、複雑な勢力争いに巻き込まれていく...。,国内SF・ファンタジー
ワンピース 珍獣島のチョッパー王国,ルフィ達が訪れた王冠島では、秘宝を狙うバトラー伯爵一味がツノのある動物達を襲っていた。伝説の動物王だと勘違いされたチョッパーは、動物達を守れるのか!?,国内アクション・アドベンチャー
完全なる飼育 香港情夜,高校生の愛は修学旅行先の香港で、タクシーの運転手に誘拐されてしまう。だが運転手の男と過ごす監禁生活の中で、彼女は男の抱える孤独に共感を覚えはじめる。,ヒューマンドラマ
殺し屋1,ヤクザとそれを取り巻く人間関係を、冷酷なシーンを交えて描いたバイオレンスストーリー。山本英夫の同名漫画作品を、三池崇史監督が血なまぐさく映画化。,ホラー
自殺サークル,東京のど真ん中で、女子高生54人の集団飛び込み自殺が発生。その事件を発端に、集団自殺が全国に飛び火し、連鎖する悲劇が日本を飲み込んでゆく。,ホラー
ワンピース ねじまき島の冒険,愛船を盗まれた麦わらの一味は、からくり仕掛けのねじまき島へ行くことに。そこでは、ダイヤモンドクロックを手にしたトランプ海賊団が島民達を苦しめていた。,国内アクション・アドベンチャー
GO,"民族学校に通っていた""在日""の杉原は、広い世界が見たいと日本の普通高校へ。将来、恋愛、アイデンティティ、社会の根強い偏見。少年は大人への道を走り出す。",日本アカデミー賞受賞映画
完全なる飼育 愛の40日,心理カウンセラーが出会った若い女性には影があった。彼女の話を聞くと、壮絶な過去が明らかになる。実は十代の時に監禁され、トラウマを背負っていたのだ。,ヒューマンドラマ
少女 an adolescent,事件も特に無い小さな町で、警官は怠惰な日々を過ごしていた。ところが、ある日、美しい少女に誘惑され、やがて逢瀬を重ねてゆく。許されざる愛の終着駅とは?,ヒューマンドラマ
劇場版 ワンピース,かつて黄金の大海賊ウーナンは、ある島に宝を埋めたという。この宝を巡り、海賊エルドラゴとルフィ達との激しい争奪戦がスタート。黄金は、麦わらの一味が頂く!,国内アクション・アドベンチャー
実録 広島やくざ戦争,原爆投下で広島は焦土と化し、極道たちは大親分を失う。親分亡き後の広島の覇権を巡り、いくつかの新興勢力が名乗りを上げ、血みどろの仁義なき戦いが勃発する。,国内アクション・アドベンチャー
アナザヘヴン,"死体の脳みそを調理し現場に残すという連続猟奇殺人事件が発生。捜査にあたる刑事たちは、一連の事件の元凶である恐ろしい""ナニカ""の正体に近づいていくが…。",ホラー
十五才 学校IV,屋久島の縄文杉を目指し、一人旅に出た不登校の15才、大介。旅先で、様々な人との出会いを通して、生きていくことの意味を考え成長していく少年の姿を描く。,ヒューマンドラマ
39 刑法第三十九条,ある殺人事件の裁判で被告人が多重人格と認定される。だが、鑑定を行った教授の助手が、詐病と直感し...。犯人と鑑定人の虚々実々の攻防を描く心理サスペンス。,法廷ヒューマンドラマ
完全なる飼育,"見知らぬ中年男性に誘拐監禁される女子高生クニコ。初めは激しく抵抗するが、優しさに触れて心を開き、彼に""飼育""されることを受け入れるようになっていく。",ヒューマンドラマ
EVANGELION: DEATH (TRUE)²,"セカンドインパクトから15年後、内向的な少年の碇シンジは特務機関ネルフに加わり、謎の敵""使徒""との戦いに身を投じる。戦いの果てに待つ残酷な真実とは...。",国内SF・ファンタジー
リング,姪の不審死をきっかけに「呪いのビデオ」の調査を始めたジャーナリスト。観たものは1週間後に死ぬというそのビデオには恐ろしい呪縛が潜んでいた…。,国内名作映画
花のお江戸の釣りバカ日誌,釣りばかりして藩をクビになった江戸の浪人・浜崎伝助は、ある晩釣りに出かけ、寂しげな隠居・鈴木一之助と知り合うが…。人気シリーズの時代劇スタイル番外編。,歴史・時代劇
SADA　戯作・阿部定の生涯,舞台は1936年。愛人を殺し、局部を切り取るという驚愕の事件が日本を震撼させた。芸者から売春婦となり、各地を点々として生きた女性・阿部定の半生を描く。,ヒューマンドラマ
学校III,自閉症の息子を1人で育てる紗和子は再就職のため職業訓練校に入校する。必死で資格取得に励む中、元大企業社員でクラスの問題児・高野の存在が気になり始め…。,ヒューマンドラマ
新世紀エヴァンゲリオン 劇場版 Air/まごころを、君に,人為的なサードインパクトに失敗したゼーレ。ゲンドウが人類補完計画を発動する前にエヴァを破壊しようと、ネルフに総攻撃を仕掛ける。,ロボット・サイボーグアニメ
失楽園,中年のベテラン編集者と美しい書道の講師。不幸な結婚生活を送っている２人が、激しく惹かれ合い情事を重ねるようになるが、悲劇的な結末を迎える。,日本アカデミー賞受賞映画
岸和田少年愚連隊,70年代半ば、大阪の岸和田に住むチュンバと小鉄は、仲間とつるんで暴れまくる毎日。ケンカも恋も、ビビったら終わり。元気が有り余る少年達の純粋青春物語!,ヒューマンドラマ
スワロウテイル,そこは、違法滞在者、泥棒、ゴミを集め暮らす人間たちがたむろする街。肉親を失い行き場を失った少女は、ある娼婦に引き取られる。,インディーズ映画
学校II,卒業式を控えたある日、高等養護学校の2人の生徒が寮から姿を消す。後輩教師の小林と共に後を追う竜平の脳裏に蘇るのは、2人と過ごした3年間の日々だった。,ヒューマンドラマ
ドラゴンボール 最強への道,7つそろうと願いごとがかなうというドラゴンボールを求め、旅に出た悟空とブルマ。その先には、ワクワクするような出会いと白熱のバトルが待ち受けていた!,国内アクション・アドベンチャー
Ghost in the Shell/攻殻機動隊,"西暦2029年。精鋭サイボーグによる超法規特殊部隊、公安9課・攻殻機動隊に、国際手配中の凄腕ハッカー""人形使い""が日本に現れたという情報が届く。",ロボット・サイボーグアニメ
ドラゴンボールZ 龍拳爆発!! 悟空がやらねば誰がやる,伝説の勇者タピオンの復活と同時に、太古の幻魔人ヒルデガーンのふういんも解かれてしまった。このおそろしいかいぶつに、悟空達は一体どう立ち向かうのか!?,国内アクション・アドベンチャー
ドラゴンボールZ 復活のフュージョン!! 悟空とベジータ,かいぶつジャネンバがあの世の閻魔宮で大暴れし、退治に向かった悟空はあまりの強さに大ピンチ。こうなったら、ベジータの力を借りてフュージョンするしかない。,国内アクション・アドベンチャー
美少女戦士セーラームーンSuper S セーラー9戦士集結! ブラック・ドリーム・ホールの奇跡,ちびうさと大勢の子供達がさらわれた! 犯人は、世界をブラック・ドリーム・ホールで包もうとするバディヤーヌ。世界とちびうさを救うため、セーラー戦士出動!,キッズアニメ
スラムダンク 湘北最大の危機! 燃えろ桜木花道,全国大会出場に向けて、後がない湘北バスケ部。新設校の緑風高校と練習試合をするが、手強い相手に予想外の大苦戦。練習試合とはいえ、敗北は絶対に許されない。,スポーツアニメ
打ち上げ花火、下から見るか? 横から見るか? - New Color Grading -,"ある夏の日。転校することが決まった少女なずなは、同級生と""かけおち""を計画。その企てが失敗に終わった後、気が付くと1日の時間が巻き戻されていた。",ヒューマンドラマ
ドラゴンボールZ 超戦士撃破!! 勝つのはオレだ,最強戦士、ブロリーは、確かに死んだはずだった。だが、ブロリーはバイオ戦士として復活し、悟天達におそいかかる。小さな超サイヤ人達が、強敵に立ち向かう!,国内アクション・アドベンチャー
ドラゴンボールZ 危険なふたり! 超戦士はねむれない,"ドラゴンボールを探す悟天とトランクスの""気""が、伝説の超サイヤ人ブロリーを目覚めさせた。ふくしゅうに燃えるブロリーが、おそろしいパワーでおそいかかる!",国内アクション・アドベンチャー
釣りバカ日誌スペシャル,ハマちゃんの出張中に、みち子さんが寂しいだろうとハマちゃん宅に立ち寄るスーさん。そのまま酔いつぶれ、翌朝家を出るところを隣人に見られてしまい…。,ヒューマンドラマ
愛の新世界,風俗界で働くレイとアユミは、ひょんなことで出会い、意気投合する。虚構の世界に身を置く2人の無軌道にもみえる生活を描いた異色の青春映画。,ヒューマンドラマ
ドラゴンボールZ 燃えつきろ!! 熱戦・烈戦・超激戦,悟空が界王から知らされる、新たな宇宙の危機。なんと、南の銀河が伝説の超サイヤ人にはかいされたという。ベジータは、新しい王になるよう説得されるのだが…。,国内アクション・アドベンチャー
ドラゴンボールZ 銀河ギリギリ!! ぶっちぎりの凄い奴,悟飯と仲間達は天下一大武道大会に出場するが、出場者の中には銀河の支配をたくらむボージャック一味がまぎれこんでいた。悪の野望から地球を守る戦いが始まる。,国内アクション・アドベンチャー
学校,様々な境遇の人が集まる下町の夜間中学に、クラスの一員、イノさんの訃報が届いた。教員の黒井、級友の張、えり子、みどり、カズは学校生活をふり返り始める。,日本アカデミー賞受賞映画
ドラゴンボールZ 激突!! 100億パワーの戦士たち,悟空と仲間達の前に立ちはだかる、ロボット軍団を使って星をおそう正体不明の星と、たおしたはずのかつての強敵。宇宙をゆるがすほどの、空前のバトルが始まる!,ロボット・サイボーグアニメ
ドラゴンボールZ 極限バトル!! 三大超サイヤ人,ドクター・ゲロが完成させた最強の人造人間13号、14号、15号が大暴れし、このままでは地球が乗っ取られてしまう。この強敵を止められるのは、悟空達しかいない!,ロボット・サイボーグアニメ
墨東綺譚,永井荷風の同名小説をもとに、主人公を荷風自身に置き換えて映画化、赤線の娼婦との淡いロマンスを綴った文芸大作。墨田ユキの鮮烈ヌードは当時話題をさらった。,ヒューマンドラマ
機動戦士ガンダムF91 完全版,宇宙世紀0123、クロスボーン・バンガードの部隊がコロニーを襲撃。高校生のシーブック・アノーは、連邦軍のガンダムF91のパイロットとして戦場に駆り出される。,国内SF・ファンタジー
ドラゴンボールZ とびっきりの最強対最強,ナメック星からもどった悟空の前に現れた新たな強敵は、フリーザの兄、クウラ。クウラはサイヤ人をぜんめつさせようと大暴れし、悟空達は絶体絶命の大ピンチに!,国内アクション・アドベンチャー
息子,岩手でやもめ暮らしをする父の気がかりは、東京に住むフリーターの息子。やがて息子は可憐なろうあ女性に恋をし、愛する人のために働く喜びを見い出すのだった。,日本アカデミー賞受賞映画
劇場用映画 ちびまる子ちゃん 大野君と杉山君,席替えが行われ、まる子は大野と杉山と同じ班になった。2人は少し暴れんぼうだけど、仲が良い名コンビ。ところが、大野と杉山は、運動会で大ゲンカしてしまう。,コメディ・ギャグアニメ
ドラゴンボールZ 地球まるごと超決戦,宇宙のこわし屋ターレス軍団が神精樹の種を地球に植え、その実でパワーアップしようとしている。地球が栄養を吸われるのを止めるため、悟空達は戦いをいどむ!,国内アクション・アドベンチャー
ドラゴンボールZ この世で一番強いヤツ,脳だけで生きる悪の天才科学者Dr.ウィローは長いねむりから目覚め、この世で一番強いヤツの肉体を求めて亀仙人とピッコロを手にかける。悪の野望を止めろ、悟空!,国内アクション・アドベンチャー
ドラゴンボールZ,ガーリックJr.にゆうかいされてしまった悟飯。敵のねらいは、ドラゴンボールを使って神様にふくしゅうを果たすことだった。悟空のいかりが、悪の野望を打ち破る!,国内アクション・アドベンチャー
鉄男 ニューHDマスター,車で轢き殺した遺体を山林に捨てた男は、数日後、自分の顔から金属片が出ていることに気づく。その日を境に、平凡なサラリーマンだった彼の日常は鉄に蝕まれる。,ホラー
AKIRA,人気コミックのアニメ化作品。第三次世界大戦後に崩壊し、復興されたネオ東京。突如、軍の施設に連れて行かれた暴走族の友人を救うため、仲間たちが立ち上がる。,国内SF・ファンタジー
機動戦士ガンダム　逆襲のシャア,シャアは新生ネオ・ジオン軍を率い、地球連邦政府に宣戦布告。宿敵の野望を砕くべく、アムロは新型ガンダムで出撃する。長きに渡る2人の因縁、ついに最終決着。,国内SF・ファンタジー
釣りバカ日誌シリーズ,"四国から東京本社へ転勤になった釣りバカの浜崎。社長の鈴木と出会うが、仕事に情熱のない伝助は社長の顔を知らず、""スーさん""、""ハマちゃん""と呼び合う仲に。",ヒューマンドラマ
ビー・バップ・ハイスクール 高校与太郎完結篇,めでたくヒロシが釈放されるが、中学生同士の小競り合いが飛び火し、愛徳と立花が一触即発状態に。そこに極東高が乱入し、壮絶な大乱闘が繰り広げられる。,アクションコメディ
ビー・バップ・ハイスクール 高校与太郎音頭,ヒロシが警察にパクられ、すっかりヤケ気味のトオル。そんなある日、北高2年の男子とちょっとしたイザコザを起こし、ダチの新吾とタイマンを張るハメに。,アクションコメディ
ドラゴンボール 摩訶不思議大冒険,亀仙人のもとで修行を積んだ悟空とクリリンは、ミーファン帝国で開かれる大武道大会に参加することに。ドラゴンボールをめぐる、不思議なぼうけんが幕を開ける。,国内アクション・アドベンチャー
王立宇宙軍 オネアミスの翼,ただ漠然と毎日を過ごす宇宙軍の兵士シロツグは、ある少女との出会いをきっかけに宇宙パイロットに志願する。幾つもの壁を乗り越え、まだ見ぬ宇宙を目指すが…。,国内SF・ファンタジー
ビー・バップ・ハイスクール 高校与太郎狂騒曲,ひょんなことからヒロシが美人女子大生・まゆみと付き合い始める。だが、城東退学組のワルが絡んできて、ヒロシの恋路に邪魔が入り、大乱闘が巻き起こる。,アクションコメディ
ビー・バップ・ハイスクール 高校与太郎行進曲,ヒロシとトオルに一泡吹かせられた進学校・桜ヶ丘のワルが、自分の女を使ってヒロシとトオルを誘い出す。その女を巡り、敵味方入り乱れての乱闘が展開。,アクションコメディ
タッチ3 君が通り過ぎたあとに -DON'T PASS ME BY-,高校3年生になった達也が猛練習に励む中、南も野球部のマネージャーとして奮闘。そんな中、明青野球部に恨みを持つ代理監督が就任。地獄のようなシゴキが始まる。,スポーツアニメ
ドラゴンボール 魔神城のねむり姫,弟子になりたければ、はるか遠くの魔神城からねむり姫を連れ帰れ。亀仙人から試練をあたえられた悟空は、同じく弟子入りをねらうクリリンと城へ乗りこむが…。,国内アクション・アドベンチャー
ビー・バップ・ハイスクール 高校与太郎哀歌,"憎き城東校の""ボンタン狩り""が始まり、その魔の手はヒロシとトオルにも及ぶ。さらには憧れの今日子ちゃんまで人質にとられ、ツッパリ大戦争に突入する。",アクションコメディ
ドラゴンボール 神龍の伝説,ぜいたくなグルメス王に苦しめられる王国の国民達。最高においしい食べ物を求めてドラゴンボールを探すグルメス王の横暴を止めるため、悟空は王国に乗りこむ!,国内アクション・アドベンチャー
タッチ2 さよならの贈り物,突然事故で命を落とした双子の弟・和也に代わって、達也は黙々と野球に打ち込み始める。一方、新体操部に入部した南は大会で優勝を果たし、一躍スターに。,スポーツアニメ
タッチ 背番号のないエース,上杉家の双子の兄弟、達也と和也、そして幼なじみの浅倉南。夢と希望に胸を膨らませ、高校生活をスタートさせた3人を、思いもかけない運命が待ち受ける。,スポーツアニメ
ビー・バップ・ハイスクール,2人そろって留年が決定したヒロシとトオル。だが、そのおかげで憧れの今日子ちゃんと同じクラスに! 恋にケンカに、ツッパリコンビがますます大暴れ。,アクションコメディ
未来少年コナン: 巨大機ギガントの復活,大半の人類と文明を滅ぼした最終戦争後の世界。太陽エネルギーを悪用しようとするレプカ一味に誘拐されたラナ。コナンと仲間が力をあわせて悪に立ち向かう。,キッズ・ファミリー映画
劇場版 機動戦士ガンダムIII めぐりあい宇宙編,宇宙へ出たアムロを待ち受ける運命の出会い、そして永遠の別れ。連邦とジオンの苛烈な戦いは、ついに最終局面へ。数多の命が散った戦いの果てにあるものとは…。,ロボット・サイボーグアニメ
スペース アドベンチャー コブラ,賞金稼ぎで、ある星の女王の末裔でもあるジェーンは、宇宙海賊コブラと共に3つ子の姉妹を探しに行く。銀河を救うため、自分の星を取り戻そうとするが...。,国内SF・ファンタジー
疑惑,夫への保険金殺人容疑をかけられた前科四犯の女。心証的にはまっ黒でも、何一つ物的証拠がない彼女の罪を立証できるのか? 実在の事件をヒントにしたサスペンス。,法廷ヒューマンドラマ
劇場版 機動戦士ガンダム,宇宙世紀0079、ジオン軍は、連邦軍が開発中のモビルスーツ・ガンダムを狙い、サイド7に侵入。アムロ・レイはガンダムのパイロットとして戦争に巻き込まれる。,国内SF・ファンタジー
劇場版 機動戦士ガンダムII 哀・戦士編,地球連邦軍の揚陸艦ホワイトベースと、ガンダムに乗りこむアムロ・レイは壮絶な戦いの後、なんとか地球へ帰還する。だがシャア率いるジオン軍は容赦がなかった。,国内SF・ファンタジー
じゃりン子チエ 劇場版,バクチ打ちの父に代わり、ホルモン焼き屋をひとりで切り盛りする元気な小学生5年生チエ。そんな少女の夢は、別居中の母親と3人でまた仲良く一緒に暮らすこと。,コメディ・ギャグアニメ
悪霊島,謎めいた島で男が不気味な言葉を残して逝った。調査に乗り出した金田一耕助は美しい双子姉妹に出会い、第二、第三の惨劇に巻き込まれていく...。,ヒューマンドラマ
震える舌,泥遊びの最中に指を怪我してしまった5歳の少女、昌子。その数日後、奇妙な症状がみられるようになり…。少女と両親を襲う悪夢の日々を描いた衝撃の作品。,国内名作映画
遥かなる山の呼び声,北の大地で生きる未亡人と幼い息子の親子は、牧場を切り盛りするだけで精一杯の毎日。だがそこへ通りすがりの男が現れ、親子の生活が少しずつ変わり始める。,日本アカデミー賞受賞映画
銀河鉄道999,母を殺された貧しい少年・鉄郎は、謎の女性メーテルと一緒に銀河鉄道999に乗り込む。鉄郎の望みは機械の体を手に入れ、母の復讐を果たすことだった。,国内SF・ファンタジー
復讐するは我にあり,女性や老人ら5人を殺害、78日間の逃亡を経て逮捕された稀代の殺人鬼、榎津巌。いかにして残虐極まりない殺人者が生まれたのか、犯行の軌跡と人間像に迫る。,日本アカデミー賞受賞映画
未来少年コナン[劇場版],大半の人類と文明を滅ぼした最終戦争後の世界で生まれた少年コナン。仲間たちと力をあわせて、地球征服を目論む悪に立ち向かう。,キッズアニメ
犬神家の一族（1976年版）,莫大な財産を持つ由緒ある名家で凄惨な連続殺人事件が発生。犯人探しに挑んだ名探偵金田一耕助はやがて、一族を巡る血塗られた秘密にたどり着く…。,ヒューマンドラマ
愛のコリーダ,昭和11年、料亭の住込み女中となった定は店の主人に惹かれ、情事を重ねる仲となる。駆け落ちした2人は、どんどん快楽の世界にのめり込んでいく...。,国内名作映画
三代目襲名,神戸の小さな組に過ぎなかった山口組を日本最大の暴力団組織に育て上げた男、三代目・田岡一雄。その自伝の内容に基づき、戦前から戦後の動乱の様子が描かれる。,実話に基づくヒューマンドラマ
日本百年,日本の歴史に刻まれた百年のなかで、日本人はいったい何を得て、何を失ったのか。明治の近代化から戦後の高度経済成長に至るまで、その軌跡をたどる。,国内時代劇
砂の器,"蒲田国鉄操車場内で死体が発見されるが、身許不明で捜査は難航。手掛かりは、殺害直前に被害者がある男と交わした会話で繰り返された""カメダ""という言葉だけ。",ヒューマンドラマ
硫黄島,太平洋戦争において最も激しい戦場となった硫黄島。島を掌握しようと日米双方に多くの犠牲者が出た。戦後ずっと保管されていたカラー映像がついに解禁。,歴史ドキュメンタリー
パンダコパンダ,おばあちゃんが遠くに出かけてしまい、留守中たった1人で暮らしていた少女ミミ子。ある日、子パンダと父のパパンダがやってきて、おかしく楽しい共同生活が始まる。,キッズ・ファミリー映画
男はつらいよシリーズ,全国津々浦々を旅しながら、テキヤ稼業で身を立てるフーテンの男。各地で恋に破れてはふらりと故郷の柴又へ。でも彼の温かい心は人を引き付けてやまないのだ。,日本アカデミー賞受賞映画
燃えよ剣,剣1本でのし上がろうと信念に燃える土方歳三。幕末の京都で、新選組副長として名をはせるようになった土方の前に、宿命のライバル・七里研之助が立ちふさがる。,実話に基づくヒューマンドラマ
